type,coin,ex1,ex2,open_diff_pct,close_diff_pct,spread_width_pct,trade24_1,trade24_2,rate1,rate2,net_rate2_minus_rate1,rate_interval1_h,rate_interval2_h,rate_max1,rate_max2,index_diff1_pct,index_diff2_pct
SS,UPUSDT,htx-S,gate-S,45.76347815603199,49.81990931904535,4.056431163013369,4277602.0,3522000.0,,,,,,,,,
SS,MLNUSDT,gate-S,htx-S,3.6576444769568397,14.154480951252484,10.496836474295645,2565461.0,1980491.0,,,,,,,,,
SS,MLNUSDT,binance-S,htx-S,3.5087719298245648,13.648184460483678,10.139412530659115,12225028.07752,1980491.0,,,,,,,,,
SS,LABUSDT,gate-S,bitget-S,0.482902154334564,0.5594023652225847,0.07650021088802068,60120084.0,15604830.0,,,,,,,,,
SS,LABUSDT,gate-S,aster-S,0.28201953501169297,0.3215627606248968,0.03954322561320386,60120084.0,23623836.0,,,,,,,,,
SS,ZECUSDT,htx-S,bitget-S,0.25065348945464555,0.33661593554164887,0.08596244608700333,4496750.0,7622441.0,,,,,,,,,
SS,ZECUSDT,htx-S,binance-S,0.24171239805556208,0.293706794655987,0.051994396600424896,4496750.0,130764345.03371,,,,,,,,,
SS,WARDUSDT,bitget-S,htx-S,0.23066813292920582,1.065146054118028,0.8344779211888222,3112528.0,4292623.0,,,,,,,,,
SS,ZECUSDT,htx-S,okx-S,0.2274049867943922,0.3026477198449252,0.07524273305053306,4496750.0,15430049.0,,,,,0.0,,,,
SS,DOGSUSDT,okx-S,bybit-S,0.2146099876186553,0.33025099075296904,0.11564100313431377,1601371.0,1664760.0,,,,0.0,,,,,
SS,ZECUSDT,htx-S,gate-S,0.2113066991386476,0.28655347804284387,0.07524677890419626,4496750.0,10870406.0,,,,,,,,,
SS,TACUSDT,bitget-S,bybit-S,0.19323671497584496,0.43367182635952,0.24043511138367507,1813304.0,2788589.0,,,,,,,,,
SS,BILLUSDT,bybit-S,bitget-S,0.18708404012012841,0.26531666864275094,0.07823262852262255,1711787775.0,19386242.0,,,,,,,,,
SS,CFXUSDT,okx-S,gate-S,0.18250554034676214,0.22162831627664886,0.039122775929886715,7087020.0,3765238.0,,,,0.0,,,,,
SS,LABUSDT,aster-S,bitget-S,0.1785620863461798,0.2601618765954545,0.08159979024927472,23623836.0,15604830.0,,,,,,,,,
SS,BILLUSDT,htx-S,bitget-S,0.1628956036087656,0.40967917419424127,0.24678357058547568,21705869.0,19386242.0,,,,,,,,,
SS,DEGENUSDT,okx-S,gate-S,0.1540832049306663,0.5107203083594282,0.3566371034287619,3309544.0,1331724.0,,,,0.0,,,,,
SS,SKYAIUSDT,gate-S,bitget-S,0.14525479010682696,0.22980308253101348,0.08454829242418654,9181404.0,9710824.0,,,,,,,,,
SS,CFXUSDT,binance-S,gate-S,0.14336917562723883,0.18248175182481913,0.039112576197580316,13503615.74789,3765238.0,,,,,,,,,
SS,HYPEUSDT,bitget-S,gate-S,0.13590232568334235,0.19288093985621815,0.056978614172875815,61176374.0,25250397.0,,,,,,,,,
SS,MONUSDT,bybit-S,gate-S,0.13253810470510882,0.19880715705765747,0.06626905235254867,14379820.0,6583316.0,,,,,,,,,
SS,TRIAUSDT,bybit-S,bitget-S,0.1235097708789154,0.29731370783693034,0.17380393695801494,1446480.0,1527121.0,,,,,,,,,
SS,HYPEUSDT,bybit-S,gate-S,0.11397010476482619,0.17094391724560223,0.05697381248077602,67868109.0,25250397.0,,,,,,,,,
SS,PENDLEUSDT,binance-S,htx-S,0.11137205529864508,0.25657783264346035,0.1452057773448153,6555078.5786,1614060.0,,,,,,,,,
SS,PENDLEUSDT,bybit-S,htx-S,0.11137205529864508,0.30506258625281324,0.19369053095416813,1366574.0,1614060.0,,,,,,,,,
SS,PIUSDT,bitget-S,gate-S,0.1107258369999101,0.18652366519002958,0.0757978281901195,1134575.0,2717342.0,,,,,,,,,
SS,HYPEUSDT,okx-S,gate-S,0.10300579681559584,0.15778401122020233,0.05477821440460649,26625212.0,25250397.0,,,,0.0,,,,,
SS,MONUSDT,bitget-S,gate-S,0.09938711280438048,0.16564518800729314,0.06625807520291266,10211294.0,6583316.0,,,,,,,,,
SS,TAOUSDT,binance-S,gate-S,0.09738678785911749,0.16231131309852295,0.06492452523940548,23359816.30862,4730714.0,,,,,,,,,
SS,FILUSDT,okx-S,bitget-S,0.09411764705881316,0.20698090130774108,0.11286325424892793,4831860.0,1526881.0,,,,0.0,,,,,
SS,CHZUSDT,binance-S,htx-S,0.09374790741278179,0.14065168614581017,0.04690377873302838,2961848.24682,3769537.0,,,,,,,,,
SS,CHZUSDT,okx-S,htx-S,0.09374790741278179,0.11831281461722329,0.024564907204441495,1053395.0,3769537.0,,,,0.0,,,,,
SS,HYPEUSDT,bitget-S,htx-S,0.08835752568232048,0.49918971944926055,0.41083219376694,61176374.0,19674314.0,,,,,,,,,
SS,SKYAIUSDT,htx-S,bitget-S,0.08607101650926398,0.2475224639183892,0.1614514474091252,6326746.0,9710824.0,,,,,,,,,
SS,FILUSDT,gate-S,bitget-S,0.07528703180876264,0.21639930375875888,0.14111227194999623,3825452.0,1526881.0,,,,,,,,,
SS,SAGAUSDT,gate-S,binance-S,0.06718674181628402,0.15298792887926776,0.08580118706298376,6362759.0,51987558.862809,,,,,,,,,
SS,PROSUSDT,okx-S,bitget-S,0.06712760958581525,0.1880456682337081,0.12091805864789286,8005123.0,3408800.0,,,,0.0,,,,,
SS,SUIUSDT,htx-S,bybit-S,0.06704659738517531,0.08380824673146915,0.016761649346293837,14637322.0,8099207.0,,,,,,,,,
SS,HYPEUSDT,bybit-S,htx-S,0.06642529948930757,0.4772528094128866,0.410827509923579,67868109.0,19674314.0,,,,,,,,,
SS,WBTCUSDT,bitget-S,binance-S,0.06625847323201928,0.0687099074116861,0.002451434179666823,1766494.0,2633255.3653353,,,,,,,,,
SS,MONUSDT,okx-S,gate-S,0.06624710168930988,0.1324942033786083,0.06624710168929841,6145738.0,6583316.0,,,,0.0,,,,,
SS,DOGSUSDT,binance-S,bybit-S,0.06598482349059653,0.26411356883459636,0.19812874534399982,10213310.3450582,1664760.0,,,,,,,,,
SS,LITUSDT,bybit-S,gate-S,0.06510416666667154,0.16276924746351873,0.0976650807968472,1260583.0,4077209.0,,,,,,,,,
SS,TAOUSDT,bitget-S,gate-S,0.06491398896461818,0.1298279779292548,0.06491398896463663,2279943.0,4730714.0,,,,,,,,,
SS,FFUSDT,binance-S,bitget-S,0.061946354457050566,0.2104872159970327,0.14854086153998214,10342203.886867,1153559.0,,,,,,,,,
SS,AAVEUSDT,bybit-S,gate-S,0.06079027355623331,0.10130685847432733,0.040516584918094026,12741165.0,7520994.0,,,,,,,,,
SS,AAVEUSDT,okx-S,gate-S,0.06079027355623331,0.10130685847432733,0.040516584918094026,3095466.0,7520994.0,,,,0.0,,,,,
SS,QUSDT,gate-S,bitget-S,0.058843498924970566,0.43899803558551204,0.3801545366605415,3361010.0,1240187.0,,,,,,,,,
SS,SUIUSDT,htx-S,bitget-S,0.05866823115282427,0.08380824673146915,0.025140015578644877,14637322.0,7751852.0,,,,,,,,,
SS,SUIUSDT,htx-S,okx-S,0.05866823115282427,0.07543058291077406,0.01676235175794979,14637322.0,18699928.0,,,,,0.0,,,,
SS,PIUSDT,bitget-S,okx-S,0.0582920431361055,0.17487612940833272,0.11658408627222722,1134575.0,2750680.0,,,,,0.0,,,,
SS,HYPEUSDT,okx-S,htx-S,0.0554609893319832,0.4640929673833157,0.40863197805133245,26625212.0,19674314.0,,,,0.0,,,,,
SS,UNIUSDT,bybit-S,gate-S,0.05349023803156523,0.10698047606311858,0.053490238031553346,1528254.0,5238871.0,,,,,,,,,
SS,UNIUSDT,okx-S,gate-S,0.05349023803156523,0.10698047606311858,0.053490238031553346,3296036.0,5238871.0,,,,0.0,,,,,
SS,TONUSDT,htx-S,bitget-S,0.052047599895909576,0.1514147818680842,0.0993671819721746,6625007.0,3711811.0,,,,,,,,,
SS,SUIUSDT,htx-S,binance-S,0.05028916268543575,0.06705221691391433,0.016763054228478586,14637322.0,58245571.21349,,,,,,,,,
SS,VIRTUALUSDT,bybit-S,gate-S,0.050200803212859815,0.1129305477131579,0.06272974450029808,2105487.0,2755097.0,,,,,,,,,
SS,VIRTUALUSDT,okx-S,gate-S,0.050200803212859815,0.1129305477131579,0.06272974450029808,1031175.0,2755097.0,,,,0.0,,,,,
SS,BASEDUSDT,okx-S,htx-S,0.04980800750595248,0.1782882017203669,0.12848019421441442,4581547.0,3966972.0,,,,0.0,,,,,
SS,IMXUSDT,okx-S,htx-S,0.04973887092762446,0.2983590253605119,0.24862015443288746,2047754.0,1150902.0,,,,0.0,,,,,
SS,MEGAUSDT,htx-S,bybit-S,0.046674445740951684,0.1587523929588677,0.11207794721791603,2232727.0,2650940.0,,,,,,,,,
SS,THETAUSDT,htx-S,binance-S,0.043869269576668896,0.569301510838623,0.5254322412619541,2266179.0,1663120.7079,,,,,,,,,
SS,XAUTUSDT,bybit-S,okx-S,0.04327880204275946,0.04760668224703146,0.004327880204272,16075358.0,16372734.0,,,,,0.0,,,,
SS,EDGEUSDT,bybit-S,okx-S,0.0427837992013802,0.09268831770703924,0.04990451850565903,1657742.0,36875208.0,,,,,0.0,,,,
SS,AZTECUSDT,bybit-S,gate-S,0.042580370449221173,0.21290185224610586,0.1703214817968847,1541749.0,1753984.0,,,,,,,,,
SS,ORDIUSDT,gate-S,okx-S,0.042571306939118335,0.10643959552953472,0.06386828859041638,2084703.0,1886701.0,,,,,0.0,,,,
SS,BIOUSDT,gate-S,okx-S,0.04247186239117886,0.25488530161427797,0.2124134392230991,2431646.0,3519950.0,,,,,0.0,,,,
SS,SUIUSDT,htx-S,gate-S,0.04190939189471899,0.05867314865260659,0.016763756757887598,14637322.0,14113165.0,,,,,,,,,
SS,AIGENSYNUSDT,bitget-S,binance-S,0.04131076631472273,0.2430724355857947,0.20176166927107195,16128315.0,23314528.98677,,,,,,,,,
SS,AAVEUSDT,binance-S,gate-S,0.040522743389733815,0.08103727714748611,0.0405145337577523,15205779.06691,7520994.0,,,,,,,,,
SS,USDEUSDT,binance-S,bybit-S,0.039988003598915925,0.05998200539837389,0.019994001799457962,1518884.0871,9659189.0,,,,,,,,,
SS,CFXUSDT,htx-S,gate-S,0.03908031003712922,0.6008359456635346,0.5617556356264054,1447660.0,3765238.0,,,,,,,,,
SS,JTOUSDT,binance-S,bybit-S,0.038277511961718275,0.0765550239234578,0.038277511961739515,6411649.91945,1329103.0,,,,,,,,,
SS,JTOUSDT,binance-S,okx-S,0.038277511961718275,0.0765550239234578,0.038277511961739515,6411649.91945,1797210.0,,,,,0.0,,,,
SS,LUNCUSDT,bybit-S,binance-S,0.037929072634188724,0.11377283357561982,0.0758437609414311,1084797.0,12112412.91144264,,,,,,,,,
SS,TONUSDT,gate-S,bitget-S,0.03785011355033648,0.14667959970665614,0.10882948615631965,10899574.0,3711811.0,,,,,,,,,
SS,VIRTUALUSDT,binance-S,gate-S,0.03764823994479237,0.1003764115432902,0.06272817159849783,6851127.2104,2755097.0,,,,,,,,,
SS,FFUSDT,htx-S,bitget-S,0.03716320842366336,0.35933337463601833,0.322170166212355,1515021.0,1153559.0,,,,,,,,,
SS,CFGUSDT,htx-S,binance-S,0.0346560388147789,0.24276053407318673,0.20810449525840782,1523235.0,2950285.4778,,,,,,,,,
SS,LINKUSDT,htx-S,gate-S,0.03330082538475036,0.05327650506126212,0.01997567967651176,9629961.0,10286477.0,,,,,,,,,
SS,MONUSDT,bybit-S,okx-S,0.03315100281783389,0.09945300845350168,0.06630200563566778,14379820.0,6145738.0,,,,,0.0,,,,
SS,CHIPUSDT,binance-S,bybit-S,0.0331235508446492,0.06624710168930988,0.033123550844660676,13127690.55554,1546700.0,,,,,,,,,
SS,CHIPUSDT,binance-S,gate-S,0.0331235508446492,0.09935419771486088,0.0662306468702117,13127690.55554,2658408.0,,,,,,,,,
SS,SOLUSDT,binance-S,gate-S,0.03251151449471811,0.05418585749119171,0.0216743429964736,248663335.14252,96672552.0,,,,,,,,,
SS,SOLUSDT,bitget-S,gate-S,0.03251151449471811,0.05418585749119171,0.0216743429964736,47273782.0,96672552.0,,,,,,,,,
SS,UNIUSDT,bybit-S,htx-S,0.03209757663296067,0.13103531267966365,0.09893773604670297,1528254.0,2688148.0,,,,,,,,,
SS,UNIUSDT,okx-S,htx-S,0.03209757663296067,0.13103531267966365,0.09893773604670297,3296036.0,2688148.0,,,,0.0,,,,,
SS,XAUTUSDT,bybit-S,bitget-S,0.0302971282650684,0.03462528944576715,0.00432816118069875,16075358.0,8211392.0,,,,,,,,,
SS,TRXUSDT,bitget-S,htx-S,0.02998984306258399,0.05857327389231084,0.028583430829726853,4470119.0,4031595.0,,,,,,,,,
SS,BUSDT,bitget-S,gate-S,0.029163628788662323,0.12917204883537012,0.10000842004670779,4103027.0,9253314.0,,,,,,,,,
SS,ASTERUSDT,binance-S,bybit-S,0.029023363807878243,0.1887751397662207,0.15975177595834245,9620740.2088,4511032.0,,,,,,,,,
SS,TRXUSDT,bitget-S,okx-S,0.028292544914411938,0.059421909706989996,0.031129364792578062,4470119.0,14856652.0,,,,,0.0,,,,
SS,FILUSDT,htx-S,bitget-S,0.028225996142444084,0.20698090130774108,0.178754905165297,5404509.0,1526881.0,,,,,,,,,
SS,MEGAUSDT,htx-S,gate-S,0.02800728189329435,0.16808292090764743,0.14007563901435308,2232727.0,1520875.0,,,,,,,,,
SS,CGPTUSDT,binance-S,htx-S,0.026899798251502686,0.3762429454447762,0.34934314719327353,4017715.500771,3462835.0,,,,,,,,,
SS,UNIUSDT,binance-S,gate-S,0.026741542987039284,0.0802246289610941,0.05348308597405481,20971595.40765,5238871.0,,,,,,,,,
SS,XAUTUSDT,gate-S,okx-S,0.025965033754539946,0.030292539380312997,0.004327505625773052,18181488.0,16372734.0,,,,,0.0,,,,
SS,LDOUSDT,htx-S,binance-S,0.025578718506200023,0.1023279611153777,0.07674924260917769,1323295.0,5540716.301799,,,,,,,,,
SS,ONDOUSDT,binance-S,bitget-S,0.025371051630087276,0.07611315489026182,0.05074210326017454,18725898.32948,3440111.0,,,,,,,,,
SS,ONDOUSDT,binance-S,gate-S,0.025371051630087276,0.07611315489026182,0.05074210326017454,18725898.32948,8681649.0,,,,,,,,,
SS,ONDOUSDT,bybit-S,bitget-S,0.025371051630087276,0.07611315489026182,0.05074210326017454,8404296.0,3440111.0,,,,,,,,,
SS,ONDOUSDT,bybit-S,gate-S,0.025371051630087276,0.07611315489026182,0.05074210326017454,8404296.0,8681649.0,,,,,,,,,
SS,SOLUSDT,htx-S,gate-S,0.025358074433544413,0.04334633723449506,0.017988262800950644,32281792.0,96672552.0,,,,,,,,,
SS,XAUTUSDT,binance-S,okx-S,0.024666621949386208,0.02704647124689642,0.00237984929751021,12935604.375665,16372734.0,,,,,0.0,,,,
SS,XAUTUSDT,bybit-S,htx-S,0.023805659254457906,0.027268418626479128,0.00346275937202122,16075358.0,5222903.0,,,,,,,,,
SS,SOLUSDT,bybit-S,gate-S,0.02167316861726293,0.04334633723449506,0.02167316861723213,43511738.0,96672552.0,,,,,,,,,
SS,SOLUSDT,okx-S,gate-S,0.02167316861726293,0.04334633723449506,0.02167316861723213,64117400.0,96672552.0,,,,0.0,,,,,
SS,STRKUSDT,bybit-S,okx-S,0.02146153020711034,0.08585533376260651,0.06439380355549616,1316591.0,1024875.0,,,,,0.0,,,,
SS,XLMUSDT,htx-S,binance-S,0.02144837834939852,0.12561466934236784,0.10416629099296931,2207447.0,11475042.129,,,,,,,,,
SS,XLMUSDT,htx-S,bitget-S,0.02144837834939852,0.12561466934236784,0.10416629099296931,2207447.0,1451650.0,,,,,,,,,
SS,XLMUSDT,htx-S,bybit-S,0.02144837834939852,0.12561466934236784,0.10416629099296931,2207447.0,1906833.0,,,,,,,,,
SS,TIAUSDT,binance-S,gate-S,0.021388086835630198,0.10691756655618527,0.08552947972055508,10208532.278226,3914999.0,,,,,,,,,
SS,TIAUSDT,bybit-S,gate-S,0.021388086835630198,0.12831479897347933,0.10692671213784916,1522021.0,3914999.0,,,,,,,,,
SS,TIAUSDT,okx-S,gate-S,0.021388086835630198,0.10691756655618527,0.08552947972055508,1356670.0,3914999.0,,,,0.0,,,,,
SS,ORDIUSDT,binance-S,okx-S,0.02128338831540802,0.06385016494626186,0.04256677663085384,3331075.3151,1886701.0,,,,,0.0,,,,
SS,PAXGUSDT,binance-S,bitget-S,0.021000739355932323,0.031607752125946846,0.010607012770014527,16351996.028547,1926708.0,,,,,,,,,
SS,PAXGUSDT,okx-S,bitget-S,0.021000739355932323,0.04221807258262516,0.021217333226692836,1391204.0,1926708.0,,,,0.0,,,,,
SS,BNBUSDT,htx-S,binance-S,0.020498704189054622,0.030749181852114404,0.010250477663059783,8277354.0,108732037.85426,,,,,,,,,
SS,AVAXUSDT,bybit-S,bitget-S,0.020126798832652386,0.0402535976652869,0.020126798832634508,3424546.0,1650429.0,,,,,,,,,
SS,AVAXUSDT,okx-S,bitget-S,0.020126798832652386,0.0402535976652869,0.020126798832634508,2877159.0,1650429.0,,,,0.0,,,,,
SS,XRPUSDT,binance-S,bybit-S,0.020072931651665515,0.0334548860861092,0.013381954434443682,301449218.48283,70397860.0,,,,,,,,,
SS,PYUSDUSDT,htx-S,okx-S,0.0200020002000178,0.0600060006000534,0.0400040004000356,2640754.0,4665136.0,,,,,0.0,,,,
SS,DEGENUSDT,bybit-S,gate-S,0.0192474256568293,0.356265947715558,0.3370185220587287,1338665.0,1331724.0,,,,,,,,,
SS,ETHUSDT,binance-S,gate-S,0.01921858961759613,0.020092161872940505,0.0008735722553443757,593092304.41223,312556132.0,,,,,,,,,
SS,LINKUSDT,bybit-S,gate-S,0.01902768528209179,0.047566950482795085,0.028539265200703292,4792346.0,10286477.0,,,,,,,,,
SS,LINKUSDT,okx-S,gate-S,0.01902768528209179,0.047566950482795085,0.028539265200703292,6136965.0,10286477.0,,,,0.0,,,,,
SS,MEGAUSDT,htx-S,binance-S,0.018672392867151638,0.1400887228578075,0.12141632999065584,2232727.0,3407644.951045,,,,,,,,,
SS,XAUTUSDT,bybit-S,binance-S,0.01839577979170272,0.02077661245990842,0.0023808326682056976,16075358.0,12935604.375665,,,,,,,,,
SS,XAUTUSDT,htx-S,okx-S,0.018174815763626687,0.021636591804059024,0.003461776040432335,5222903.0,16372734.0,,,,,0.0,,,,
SS,BTCUSDT,htx-S,gate-S,0.017922004907672543,0.018057023737260612,0.00013501882958806837,199615996.0,695172460.0,,,,,,,,,
SS,JUPUSDT,bybit-S,gate-S,0.017674089784381515,0.15902464882056683,0.1413505590361853,1463810.0,1798828.0,,,,,,,,,
SS,LTCUSDT,binance-S,gate-S,0.01716590850570425,0.06865774116031435,0.05149183265461011,21500445.29239,7314544.0,,,,,,,,,
SS,LTCUSDT,bitget-S,gate-S,0.01716590850570425,0.06865774116031435,0.05149183265461011,2064072.0,7314544.0,,,,,,,,,
SS,LTCUSDT,okx-S,gate-S,0.01716590850570425,0.06865774116031435,0.05149183265461011,5065460.0,7314544.0,,,,0.0,,,,,
SS,DOGEUSDT,bitget-S,binance-S,0.017080877957120377,0.03416175591426445,0.017080877957144077,31643972.0,256720756.95751,,,,,,,,,
SS,SUIUSDT,gate-S,bybit-S,0.016757436112272976,0.03351487222454595,0.016757436112272976,14113165.0,8099207.0,,,,,,,,,
SS,ENAUSDT,bybit-S,gate-S,0.01641092967917135,0.09023419876132971,0.07382326908215836,6101866.0,3420303.0,,,,,,,,,
SS,ETHUSDT,bybit-S,gate-S,0.016160839664810682,0.017034398565610728,0.0008735589008000444,251948580.0,312556132.0,,,,,,,,,
SS,TRXUSDT,gate-S,htx-S,0.01584257011751806,0.02461357396166895,0.008771003844150886,14121231.0,4031595.0,,,,,,,,,
SS,XAUTUSDT,bybit-S,gate-S,0.015149711614414262,0.019478200647101238,0.004328489032686975,16075358.0,18181488.0,,,,,,,,,
SS,BASEDUSDT,bybit-S,htx-S,0.015055618930702605,0.2014658376463319,0.18641021871562932,2607401.0,3966972.0,,,,,,,,,
SS,BNBUSDT,htx-S,bitget-S,0.014642360348491505,0.038069022065389535,0.023426661716898025,8277354.0,3547774.0,,,,,,,,,
SS,BNBUSDT,htx-S,bybit-S,0.014642360348491505,0.038069022065389535,0.023426661716898025,8277354.0,8738666.0,,,,,,,,,
SS,ASTERUSDT,binance-S,okx-S,0.014512734924911112,0.1887751397662207,0.1742624048413096,9620740.2088,1387854.0,,,,,0.0,,,,
SS,ASTERUSDT,binance-S,gate-S,0.014512734924911112,0.1887751397662207,0.1742624048413096,9620740.2088,2514991.0,,,,,,,,,
SS,ZECUSDT,gate-S,bitget-S,0.014306151645214756,0.07510326699212716,0.060797115346912414,10870406.0,7622441.0,,,,,,,,,
SS,LINKUSDT,htx-S,binance-S,0.01427314032875854,0.11032698636129817,0.09605384603253964,9629961.0,47737398.6722,,,,,,,,,
SS,LINKUSDT,htx-S,bitget-S,0.01427314032875854,0.02473905059135151,0.010465910262592974,9629961.0,4408640.0,,,,,,,,,
SS,EDGEUSDT,htx-S,okx-S,0.014259232853270923,0.29976447077296275,0.28550523791969185,2889998.0,36875208.0,,,,,0.0,,,,
SS,TRXUSDT,gate-S,okx-S,0.014145271942851543,0.025462209836894453,0.01131693789404291,14121231.0,14856652.0,,,,,0.0,,,,
SS,ETHUSDT,bitget-S,gate-S,0.013976789793456403,0.014850339155526323,0.0008735493620699197,171995665.0,312556132.0,,,,,,,,,
SS,DOGEUSDT,htx-S,binance-S,0.013664468964576676,0.023057905232008853,0.009393436267432175,6689791.0,256720756.95751,,,,,,,,,
SS,HYPEUSDT,bitget-S,okx-S,0.013159914899201899,0.05483358008444059,0.0416736651852387,61176374.0,26625212.0,,,,,0.0,,,,
SS,CFXUSDT,okx-S,binance-S,0.013047165503289352,0.06523582751648298,0.05218866201319362,7087020.0,13503615.74789,,,,0.0,,,,,
SS,XAUTUSDT,gate-S,bitget-S,0.012983359660709407,0.01731114621427265,0.004327786553563244,18181488.0,8211392.0,,,,,,,,,
SS,BTCUSDT,binance-S,gate-S,0.012667824119527837,0.012802842304633156,0.00013501818510531832,1611914315.923986,695172460.0,,,,,,,,,
SS,FFUSDT,binance-S,bybit-S,0.012392341532927844,0.1114896252709729,0.09909728373804505,10342203.886867,2539043.0,,,,,,,,,
SS,ETHUSDT,okx-S,gate-S,0.012229584237821741,0.013103125969073443,0.0008735417312517011,299547262.0,312556132.0,,,,0.0,,,,,
SS,ETHUSDT,htx-S,gate-S,0.012229584237821741,0.013103125969073443,0.0008735417312517011,83166497.0,312556132.0,,,,,,,,,
SS,BTCUSDT,htx-S,okx-S,0.012152942945608435,0.012287968857068905,0.0001350259114604697,199615996.0,647776729.0,,,,,0.0,,,,
SS,XAUTUSDT,binance-S,bitget-S,0.011684947839690384,0.014065078034126991,0.002380130194436606,12935604.375665,8211392.0,,,,,,,,,
SS,PENGUUSDT,bitget-S,okx-S,0.010915243137032859,0.043663355528859256,0.0327481123918264,1590653.0,2692955.0,,,,,0.0,,,,
SS,XAUTUSDT,bitget-S,okx-S,0.010817944806845597,0.015145122729579895,0.0043271779227342985,8211392.0,16372734.0,,,,,0.0,,,,
SS,HBARUSDT,bybit-S,okx-S,0.010458610050720204,0.03137583015217512,0.020917220101454918,2838078.0,1033486.0,,,,,0.0,,,,
SS,XPLUSDT,binance-S,bitget-S,0.010351431085343537,0.124275062137526,0.11392363105218246,6379192.15236,2117239.0,,,,,,,,,
SS,XPLUSDT,binance-S,okx-S,0.010351431085343537,0.124275062137526,0.11392363105218246,6379192.15236,3356884.0,,,,,0.0,,,,
SS,AAVEUSDT,bybit-S,binance-S,0.010134279199397127,0.030402837598176982,0.02026855839877986,12741165.0,15205779.06691,,,,,,,,,
SS,AAVEUSDT,okx-S,binance-S,0.010134279199397127,0.030402837598176982,0.02026855839877986,3095466.0,15205779.06691,,,,0.0,,,,,
SS,AVAXUSDT,bybit-S,gate-S,0.01006390580183612,0.030191717405526224,0.020127811603690107,3424546.0,4017450.0,,,,,,,,,
SS,AVAXUSDT,okx-S,gate-S,0.01006390580183612,0.030191717405526224,0.020127811603690107,2877159.0,4017450.0,,,,0.0,,,,,
SS,FDUSDUSDT,binance-S,gate-S,0.010014521055529416,0.030043563166599365,0.02002904211106995,34586104.692,4789251.0,,,,,,,,,
SS,RLUSDUSDT,okx-S,binance-S,0.009998500224965153,0.0399960003999556,0.029997500174990442,6549336.0,36798446.3738,,,,0.0,,,,,
SS,BTCUSDT,bitget-S,gate-S,0.009832154323818457,0.009967172161044147,0.0001350178372256885,296971726.0,695172460.0,,,,,,,,,
SS,LINKUSDT,bitget-S,gate-S,0.009513390096572536,0.03805175038051331,0.028538360283940772,4408640.0,10286477.0,,,,,,,,,
SS,BTCUSDT,htx-S,bybit-S,0.009452416596230315,0.009587445822813349,0.00013502922658303445,199615996.0,892650926.0,,,,,,,,,
SS,XLMUSDT,htx-S,okx-S,0.009192725489887846,0.05823130085662029,0.04903857536673244,2207447.0,2630755.0,,,,,0.0,,,,
SS,ASTERUSDT,aster-S,bybit-S,0.008706124758776499,0.055143591008699186,0.04643746624992268,5283723.0,4511032.0,,,,,,,,,
SS,XRPUSDT,binance-S,htx-S,0.008698765109919836,0.02007427481682003,0.011375509706900195,301449218.48283,5329135.0,,,,,,,,,
SS,DOGEUSDT,bybit-S,binance-S,0.008540074298643088,0.025620222895941114,0.017080148597298027,29498240.0,256720756.95751,,,,,,,,,
SS,DOGEUSDT,okx-S,binance-S,0.008540074298643088,0.025620222895941114,0.017080148597298027,80509520.0,256720756.95751,,,,0.0,,,,,
SS,DOGEUSDT,gate-S,binance-S,0.008540074298643088,0.025620222895941114,0.017080148597298027,69700385.0,256720756.95751,,,,,,,,,
SS,SUIUSDT,gate-S,bitget-S,0.008379069085423688,0.03351487222454595,0.025135803139122267,14113165.0,7751852.0,,,,,,,,,
SS,SUIUSDT,gate-S,okx-S,0.008379069085423688,0.025137207256271058,0.016758138170847373,14113165.0,18699928.0,,,,,0.0,,,,
SS,SUIUSDT,binance-S,bybit-S,0.008378367056259812,0.02513510116877943,0.01675673411251962,58245571.21349,8099207.0,,,,,,,,,
SS,BTCUSDT,bybit-S,gate-S,0.008346835567325035,0.008592330731084598,0.000245495163759563,892650926.0,695172460.0,,,,,,,,,
SS,BTCUSDT,htx-S,bitget-S,0.008077575165951506,0.008102127066156962,2.4551900205455795e-05,199615996.0,296971726.0,,,,,,,,,
SS,VVVUSDT,bybit-S,gate-S,0.007588535792025753,0.12007701491301527,0.11248847912098951,9075203.0,5917957.0,,,,,,,,,
SS,PAXGUSDT,binance-S,gate-S,0.007578094975189615,0.014506167827702941,0.006928072852513326,16351996.028547,4752317.0,,,,,,,,,
SS,PAXGUSDT,okx-S,gate-S,0.007578094975189615,0.025116488541701256,0.01753839356651164,1391204.0,4752317.0,,,,0.0,,,,,
SS,ZECUSDT,binance-S,bitget-S,0.007152819999278213,0.04469753180229387,0.03754471180301566,130764345.03371,7622441.0,,,,,,,,,
SS,BTCUSDT,binance-S,okx-S,0.006898762138654738,0.007033787405427845,0.0001350252667731063,1611914315.923986,647776729.0,,,,,0.0,,,,
SS,PAXGUSDT,gate-S,bitget-S,0.006711097015390941,0.02381313185981347,0.017102034844422534,4752317.0,1926708.0,,,,,,,,,
SS,XRPUSDT,binance-S,bitget-S,0.00669142493894001,0.02007427481682003,0.013382849877880023,301449218.48283,46624245.0,,,,,,,,,
SS,XRPUSDT,binance-S,okx-S,0.00669142493894001,0.02007427481682003,0.013382849877880023,301449218.48283,59096350.0,,,,,0.0,,,,
SS,XRPUSDT,bitget-S,bybit-S,0.006690529555413574,0.020071588666240724,0.013381059110827149,46624245.0,70397860.0,,,,,,,,,
SS,XRPUSDT,okx-S,bybit-S,0.006690529555413574,0.020071588666240724,0.013381059110827149,59096350.0,70397860.0,,,,0.0,,,,,
SS,XRPUSDT,htx-S,bybit-S,0.006690529555413574,0.018064248510535303,0.01137371895512173,5329135.0,70397860.0,,,,,,,,,
SS,ADAUSDT,htx-S,gate-S,0.006610574716006953,0.04920446659052244,0.04259389187451549,7678313.0,13883513.0,,,,,,,,,
SS,ETHUSDT,binance-S,okx-S,0.00655220689248881,0.007425834478152661,0.0008736275856638508,593092304.41223,299547262.0,,,,,0.0,,,,
SS,ETHUSDT,binance-S,htx-S,0.00655220689248881,0.007425834478152661,0.0008736275856638508,593092304.41223,83166497.0,,,,,,,,,
SS,XAUTUSDT,gate-S,htx-S,0.006491890546729319,0.009954275253023318,0.0034623847062939996,18181488.0,5222903.0,,,,,,,,,
SS,NEARUSDT,binance-S,gate-S,0.006357077015987349,0.13349861733574842,0.12714154031976108,23699855.0192,7061942.0,,,,,,,,,
SS,NEARUSDT,bitget-S,gate-S,0.006357077015987349,0.13349861733574842,0.12714154031976108,1430294.0,7061942.0,,,,,,,,,
SS,NEARUSDT,okx-S,gate-S,0.006357077015987349,0.13349861733574842,0.12714154031976108,2550842.0,7061942.0,,,,0.0,,,,,
SS,XLMUSDT,okx-S,binance-S,0.006127638714427525,0.07351139426611676,0.06738375555168923,2630755.0,11475042.129,,,,0.0,,,,,
SS,XLMUSDT,okx-S,bitget-S,0.006127638714427525,0.07351139426611676,0.06738375555168923,2630755.0,1451650.0,,,,0.0,,,,,
SS,XLMUSDT,okx-S,bybit-S,0.006127638714427525,0.07351139426611676,0.06738375555168923,2630755.0,1906833.0,,,,0.0,,,,,
SS,BNBUSDT,okx-S,binance-S,0.005856343884507572,0.021962736556971674,0.016106392672464102,8773603.0,108732037.85426,,,,0.0,,,,,
SS,BNBUSDT,gate-S,binance-S,0.005856343884507572,0.021962736556971674,0.016106392672464102,17350922.0,108732037.85426,,,,,,,,,
SS,TRXUSDT,bitget-S,gate-S,0.005659149429846354,0.04244782454898719,0.036788675119140836,4470119.0,14121231.0,,,,,,,,,
SS,BTCUSDT,okx-S,gate-S,0.005646312528297562,0.005891804377368732,0.0002454918490711711,647776729.0,695172460.0,,,,0.0,,,,,
SS,ZECUSDT,gate-S,binance-S,0.005365046720630644,0.03219402264314065,0.02682897592251,10870406.0,130764345.03371,,,,,,,,,
SS,UNIUSDT,binance-S,htx-S,0.005348880746703163,0.10427946897685243,0.09893058823014927,20971595.40765,2688148.0,,,,,,,,,
SS,BTCUSDT,htx-S,binance-S,0.005241905016317823,0.005266457264642792,2.4552248324968747e-05,199615996.0,1611914315.923986,,,,,,,,,
SS,XAUTUSDT,binance-S,htx-S,0.005193478721880163,0.00670820705853756,0.0015147283366573976,12935604.375665,5222903.0,,,,,,,,,
SS,XAUTUSDT,htx-S,bitget-S,0.005193141591020436,0.008655198528608379,0.0034620569375879424,5222903.0,8211392.0,,,,,,,,,
SS,ETHUSDT,binance-S,bitget-S,0.004804993698911553,0.005678628916893666,0.0008736352179821126,593092304.41223,171995665.0,,,,,,,,,
SS,LINKUSDT,htx-S,bybit-S,0.004757939812067193,0.01522475545236387,0.010466815640296678,9629961.0,4792346.0,,,,,,,,,
SS,LINKUSDT,htx-S,okx-S,0.004757939812067193,0.01522475545236387,0.010466815640296678,9629961.0,6136965.0,,,,,0.0,,,,
SS,TONUSDT,htx-S,binance-S,0.0047327196573610855,0.10412229636990666,0.09938957671254557,6625007.0,51574086.61548,,,,,,,,,
SS,TONUSDT,htx-S,bybit-S,0.0047327196573610855,0.10412229636990666,0.09938957671254557,6625007.0,12006167.0,,,,,,,,,
SS,TONUSDT,htx-S,okx-S,0.0047327196573610855,0.10412229636990666,0.09938957671254557,6625007.0,13744764.0,,,,,0.0,,,,
SS,BTCUSDT,binance-S,bybit-S,0.004198235783476423,0.004333264365276307,0.00013502858179988383,1611914315.923986,892650926.0,,,,,,,,,
SS,BTCUSDT,bitget-S,okx-S,0.004063092336102769,0.004198117254885809,0.00013502491878304032,296971726.0,647776729.0,,,,,0.0,,,,
SS,AVAXUSDT,htx-S,bitget-S,0.004025035722200529,0.029182243108214264,0.025157207386013732,2686685.0,1650429.0,,,,,,,,,
SS,ETHUSDT,bybit-S,okx-S,0.003494456917711097,0.004368071147138872,0.0008736142294277746,251948580.0,299547262.0,,,,,0.0,,,,
SS,ETHUSDT,bybit-S,htx-S,0.003494456917711097,0.004368071147138872,0.0008736142294277746,251948580.0,83166497.0,,,,,,,,,
SS,BTCUSDT,binance-S,bitget-S,0.002823394350980706,0.0028479456061937325,2.4551255213026374e-05,1611914315.923986,296971726.0,,,,,,,,,
SS,ETHUSDT,binance-S,bybit-S,0.002620934275702429,0.003494579034289769,0.0008736447585873403,593092304.41223,251948580.0,,,,,,,,,
SS,BTCUSDT,bybit-S,okx-S,0.002577773576950861,0.0028232758223900633,0.00024550224543920236,892650926.0,647776729.0,,,,,0.0,,,,
SS,DOGEUSDT,bitget-S,htx-S,0.0025623177017744052,0.011957942208973688,0.009395624507199283,31643972.0,6689791.0,,,,,,,,,
SS,ETHUSDT,bybit-S,bitget-S,0.0017472437230253357,0.0026208655845380044,0.0008736218615126685,251948580.0,171995665.0,,,,,,,,,
SS,TRXUSDT,binance-S,htx-S,0.0016972981841755234,0.030272723286096686,0.028575425101921164,39792550.47085,4031595.0,,,,,,,,,
SS,TRXUSDT,bybit-S,htx-S,0.0016972981841755234,0.030272723286096686,0.028575425101921164,4141327.0,4031595.0,,,,,,,,,
SS,BTCUSDT,bitget-S,bybit-S,0.0013625659793428638,0.0014975942131009838,0.00013502823375811986,296971726.0,892650926.0,,,,,,,,,
SS,ETHUSDT,bitget-S,okx-S,0.0013104070342737,0.0021840117237630153,0.0008736046894893155,171995665.0,299547262.0,,,,,0.0,,,,
SS,ETHUSDT,bitget-S,htx-S,0.0013104070342737,0.0021840117237630153,0.0008736046894893155,171995665.0,83166497.0,,,,,,,,,
SS,XAUTUSDT,gate-S,binance-S,0.001082011025696288,0.0034624690000987666,0.0023804579744024783,18181488.0,12935604.375665,,,,,,,,,
SS,AVAXUSDT,bybit-S,htx-S,0.0010064361592359834,0.026166681762821872,0.025160245603585887,3424546.0,2686685.0,,,,,,,,,
SS,AVAXUSDT,okx-S,htx-S,0.0010064361592359834,0.026166681762821872,0.025160245603585887,2877159.0,2686685.0,,,,0.0,,,,,
SS,LTCUSDT,binance-S,bybit-S,0.0,0.03433476394849102,0.03433476394849102,21500445.29239,5496382.0,,,,,,,,,
SS,LTCUSDT,binance-S,htx-S,0.0,0.03433476394849102,0.03433476394849102,21500445.29239,6917625.0,,,,,,,,,
SS,LTCUSDT,bitget-S,bybit-S,0.0,0.03433476394849102,0.03433476394849102,2064072.0,5496382.0,,,,,,,,,
SS,LTCUSDT,bitget-S,htx-S,0.0,0.03433476394849102,0.03433476394849102,2064072.0,6917625.0,,,,,,,,,
SS,LTCUSDT,bybit-S,gate-S,0.0,0.05148888698189503,0.05148888698189503,5496382.0,7314544.0,,,,,,,,,
SS,LTCUSDT,okx-S,htx-S,0.0,0.03433476394849102,0.03433476394849102,5065460.0,6917625.0,,,,0.0,,,,,
SS,ADAUSDT,binance-S,gate-S,0.0,0.07344840249723761,0.07344840249723761,32526814.43039,13883513.0,,,,,,,,,
SS,ADAUSDT,bitget-S,gate-S,0.0,0.07344840249723761,0.07344840249723761,4338006.0,13883513.0,,,,,,,,,
SS,ADAUSDT,bybit-S,gate-S,0.0,0.07344840249723761,0.07344840249723761,12136281.0,13883513.0,,,,,,,,,
SS,ADAUSDT,okx-S,gate-S,0.0,0.07344840249723761,0.07344840249723761,5906471.0,13883513.0,,,,0.0,,,,,
SS,TRXUSDT,binance-S,okx-S,0.0,0.031121359154630435,0.031121359154630435,39792550.47085,14856652.0,,,,,0.0,,,,
SS,TRXUSDT,bitget-S,bybit-S,0.0,0.056593095642325404,0.056593095642325404,4470119.0,4141327.0,,,,,,,,,
SS,TRXUSDT,bybit-S,okx-S,0.0,0.031121359154630435,0.031121359154630435,4141327.0,14856652.0,,,,,0.0,,,,
SS,ALGOUSDT,binance-S,htx-S,0.0,0.16722408026756333,0.16722408026756333,2079220.7678,1347757.0,,,,,,,,,
SS,DOGEUSDT,bitget-S,bybit-S,0.0,0.017082336863688184,0.017082336863688184,31643972.0,29498240.0,,,,,,,,,
SS,DOGEUSDT,bitget-S,okx-S,0.0,0.017082336863688184,0.017082336863688184,31643972.0,80509520.0,,,,,0.0,,,,
SS,DOGEUSDT,bitget-S,gate-S,0.0,0.017082336863688184,0.017082336863688184,31643972.0,69700385.0,,,,,,,,,
SS,HBARUSDT,binance-S,okx-S,0.0,0.020916126333409453,0.020916126333409453,14575833.51813,1033486.0,,,,,0.0,,,,
SS,SOLUSDT,binance-S,bybit-S,0.0,0.021677866897892938,0.021677866897892938,248663335.14252,43511738.0,,,,,,,,,
SS,SOLUSDT,binance-S,okx-S,0.0,0.021677866897892938,0.021677866897892938,248663335.14252,64117400.0,,,,,0.0,,,,
SS,SOLUSDT,binance-S,htx-S,0.0,0.017992961066914132,0.017992961066914132,248663335.14252,32281792.0,,,,,,,,,
SS,SOLUSDT,bitget-S,bybit-S,0.0,0.021677866897892938,0.021677866897892938,47273782.0,43511738.0,,,,,,,,,
SS,SOLUSDT,bitget-S,okx-S,0.0,0.021677866897892938,0.021677866897892938,47273782.0,64117400.0,,,,,0.0,,,,
SS,SOLUSDT,bitget-S,htx-S,0.0,0.017992961066914132,0.017992961066914132,47273782.0,32281792.0,,,,,,,,,
SS,NEARUSDT,binance-S,bybit-S,0.0,0.12714558169103635,0.12714558169103635,23699855.0192,4605777.0,,,,,,,,,
SS,NEARUSDT,bitget-S,bybit-S,0.0,0.12714558169103635,0.12714558169103635,1430294.0,4605777.0,,,,,,,,,
SS,FILUSDT,binance-S,bitget-S,0.0,0.18814675446848556,0.18814675446848556,8060211.48725,1526881.0,,,,,,,,,
SS,SHIBUSDT,bybit-S,okx-S,0.0,0.047055132930747416,0.047055132930747416,1763451.0,1211737.0,,,,,0.0,,,,
SS,ICPUSDT,binance-S,bybit-S,0.0,0.0704970038773431,0.0704970038773431,23517331.70618,3586033.0,,,,,,,,,
SS,ICPUSDT,bitget-S,bybit-S,0.0,0.0704970038773431,0.0704970038773431,1055683.0,3586033.0,,,,,,,,,
SS,IMXUSDT,binance-S,htx-S,0.0,0.19880715705764598,0.19880715705764598,4697766.925835,1150902.0,,,,,,,,,
SS,IMXUSDT,bybit-S,htx-S,0.0,0.19880715705764598,0.19880715705764598,1465085.0,1150902.0,,,,,,,,,
SS,SUIUSDT,binance-S,bitget-S,0.0,0.02513510116877943,0.02513510116877943,58245571.21349,7751852.0,,,,,,,,,
SS,SUIUSDT,binance-S,okx-S,0.0,0.016757436112272976,0.016757436112272976,58245571.21349,18699928.0,,,,,0.0,,,,
SS,PEPEUSDT,bitget-S,bybit-S,0.0,0.04869734599464695,0.04869734599464695,1984606.0,3860572.0,,,,,,,,,
SS,WLDUSDT,binance-S,bitget-S,0.0,0.0761324704986593,0.0761324704986593,9315687.40021,1439227.0,,,,,,,,,
SS,JTOUSDT,bitget-S,bybit-S,0.0,0.0765550239234578,0.0765550239234578,1002456.0,1329103.0,,,,,,,,,
SS,JTOUSDT,bitget-S,okx-S,0.0,0.0765550239234578,0.0765550239234578,1002456.0,1797210.0,,,,,0.0,,,,
SS,STRKUSDT,binance-S,okx-S,0.0,0.23627966920846097,0.23627966920846097,2151057.592288,1024875.0,,,,,0.0,,,,
SS,ENAUSDT,bybit-S,okx-S,0.0,0.024617404504986867,0.024617404504986867,6101866.0,1801307.0,,,,,0.0,,,,
SS,ENAUSDT,okx-S,gate-S,0.0,0.08202772537117782,0.08202772537117782,1801307.0,3420303.0,,,,0.0,,,,,
SS,TAOUSDT,binance-S,bitget-S,0.0,0.06495615459564424,0.06495615459564424,23359816.30862,2279943.0,,,,,,,,,
SS,TONUSDT,binance-S,bitget-S,0.0,0.09460737937560189,0.09460737937560189,51574086.61548,3711811.0,,,,,,,,,
SS,PENGUUSDT,binance-S,okx-S,0.0,0.02182929491375825,0.02182929491375825,13031976.166482,2692955.0,,,,,0.0,,,,
SS,PENGUUSDT,bitget-S,gate-S,0.0,0.08730765033285307,0.08730765033285307,1590653.0,4148871.0,,,,,,,,,
SS,PENGUUSDT,bybit-S,okx-S,0.0,0.043663355528859256,0.043663355528859256,2623462.0,2692955.0,,,,,0.0,,,,
SS,BIOUSDT,binance-S,okx-S,0.0,0.2974293605268775,0.2974293605268775,7925579.42821,3519950.0,,,,,0.0,,,,
SS,ONDOUSDT,binance-S,okx-S,0.0,0.05074854097944125,0.05074854097944125,18725898.32948,6128971.0,,,,,0.0,,,,
SS,ONDOUSDT,bybit-S,okx-S,0.0,0.05074854097944125,0.05074854097944125,8404296.0,6128971.0,,,,,0.0,,,,
SS,ONDOUSDT,okx-S,gate-S,0.0,0.05073566717401775,0.05073566717401775,6128971.0,8681649.0,,,,0.0,,,,,
SS,USD1USDT,binance-S,gate-S,0.0,0.0200020002000178,0.0200020002000178,171734245.9168,1227408.0,,,,,,,,,
SS,NEWTUSDT,binance-S,htx-S,0.0,0.2472187886279428,0.2472187886279428,1405281.24392,1029539.0,,,,,,,,,
SS,XPLUSDT,binance-S,bybit-S,0.0,0.1139247061260411,0.1139247061260411,6379192.15236,6598645.0,,,,,,,,,
SS,XPLUSDT,bybit-S,okx-S,0.0,0.020701790704887944,0.020701790704887944,6598645.0,3356884.0,,,,,0.0,,,,
SS,ZBTUSDT,binance-S,bybit-S,0.0,0.1719235601401722,0.1719235601401722,6348992.78049,1133052.0,,,,,,,,,
SS,MEGAUSDT,binance-S,bybit-S,0.0,0.04666573335199448,0.04666573335199448,3407644.951045,2650940.0,,,,,,,,,
SS,HYPEUSDT,bitget-S,bybit-S,0.0,0.0438692695766684,0.0438692695766684,61176374.0,67868109.0,,,,,,,,,
SS,MONUSDT,bitget-S,okx-S,0.0,0.06629101756711694,0.06629101756711694,10211294.0,6145738.0,,,,,0.0,,,,
SS,ETHUSDT,okx-S,htx-S,-0.0004367985288522258,0.0004367985288522258,0.0008735970577044516,299547262.0,83166497.0,,,,0.0,,,,,
SS,TRXUSDT,okx-S,htx-S,-0.001131516118448239,0.0019801784140849404,0.0031116945325331794,14856652.0,4031595.0,,,,0.0,,,,,
SS,XRPUSDT,bitget-S,htx-S,-0.004683637044893631,0.00669097721722184,0.01137461426211547,46624245.0,5329135.0,,,,,,,,,
SS,XRPUSDT,okx-S,htx-S,-0.004683637044893631,0.00669097721722184,0.01137461426211547,59096350.0,5329135.0,,,,0.0,,,,,
SS,PIUSDT,okx-S,gate-S,-0.005824281429268323,0.06990562740301118,0.0757299088322795,2750680.0,2717342.0,,,,0.0,,,,,
SS,DOGEUSDT,bybit-S,htx-S,-0.005978485991120344,0.0034164090124785386,0.009394895003598884,29498240.0,6689791.0,,,,,,,,,
SS,DOGEUSDT,okx-S,htx-S,-0.005978485991120344,0.0034164090124785386,0.009394895003598884,80509520.0,6689791.0,,,,0.0,,,,,
SS,DOGEUSDT,gate-S,htx-S,-0.005978485991120344,0.0034164090124785386,0.009394895003598884,69700385.0,6689791.0,,,,,,,,,
SS,XRPUSDT,bitget-S,okx-S,-0.00669097721722184,0.00669097721722184,0.01338195443444368,46624245.0,59096350.0,,,,,0.0,,,,
SS,OPUSDT,binance-S,gate-S,-0.006863653522777034,0.1372683596431062,0.14413201316588323,4162632.942803,1844784.0,,,,,,,,,
SS,OPUSDT,okx-S,gate-S,-0.006863653522777034,0.1372683596431062,0.14413201316588323,1015508.0,1844784.0,,,,0.0,,,,,
SS,BNBUSDT,binance-S,bitget-S,-0.007320376267333484,0.008783872809530375,0.01610424907686386,108732037.85426,3547774.0,,,,,,,,,
SS,BNBUSDT,binance-S,bybit-S,-0.007320376267333484,0.008783872809530375,0.01610424907686386,108732037.85426,8738666.0,,,,,,,,,
SS,USDCUSDT,binance-S,bitget-S,-0.008000480028798626,0.0030000450006724593,0.011000525029471084,2197743762.50111,28165203.0,,,,,,,,,
SS,USDCUSDT,binance-S,bybit-S,-0.008000480028798626,0.0030000450006724593,0.011000525029471084,2197743762.50111,229202476.0,,,,,,,,,
SS,USDCUSDT,binance-S,okx-S,-0.008000480028798626,0.0030000450006724593,0.011000525029471084,2197743762.50111,74082528.0,,,,,0.0,,,,
SS,USDCUSDT,binance-S,gate-S,-0.008000480028798626,0.0030000450006724593,0.011000525029471084,2197743762.50111,16832921.0,,,,,,,,,
SS,USDCUSDT,binance-S,htx-S,-0.008000480028798626,0.0030000450006724593,0.011000525029471084,2197743762.50111,29613898.0,,,,,,,,,
SS,SUIUSDT,bitget-S,bybit-S,-0.008377665144723243,0.016756032171579924,0.025133697316303168,7751852.0,8099207.0,,,,,,,,,
SS,DOGEUSDT,bybit-S,okx-S,-0.008540803689623884,0.008540803689623884,0.017081607379247767,29498240.0,80509520.0,,,,,0.0,,,,
SS,DOGEUSDT,bybit-S,gate-S,-0.008540803689623884,0.008540803689623884,0.017081607379247767,29498240.0,69700385.0,,,,,,,,,
SS,DOGEUSDT,okx-S,gate-S,-0.008540803689623884,0.008540803689623884,0.017081607379247767,80509520.0,69700385.0,,,,0.0,,,,,
SS,HYPEUSDT,bybit-S,okx-S,-0.008772314575211389,0.03289654038048898,0.04166885495570037,67868109.0,26625212.0,,,,,0.0,,,,
SS,APTUSDT,binance-S,okx-S,-0.009461185486540421,0.09465215333647799,0.1041133388230184,5756814.8118,1215659.0,,,,,0.0,,,,
SS,LINKUSDT,bybit-S,okx-S,-0.009515200532845956,0.009515200532845956,0.019030401065691913,4792346.0,6136965.0,,,,,0.0,,,,
SS,USDCUSDT,bitget-S,bybit-S,-0.010000500025000148,0.010000500025000148,0.020001000050000297,28165203.0,229202476.0,,,,,,,,,
SS,USDCUSDT,bitget-S,okx-S,-0.010000500025000148,0.010000500025000148,0.020001000050000297,28165203.0,74082528.0,,,,,0.0,,,,
SS,USDCUSDT,bitget-S,gate-S,-0.010000500025000148,0.010000500025000148,0.020001000050000297,28165203.0,16832921.0,,,,,,,,,
SS,USDCUSDT,bitget-S,htx-S,-0.010000500025000148,0.010000500025000148,0.020001000050000297,28165203.0,29613898.0,,,,,,,,,
SS,USDCUSDT,bybit-S,okx-S,-0.010000500025000148,0.010000500025000148,0.020001000050000297,229202476.0,74082528.0,,,,,0.0,,,,
SS,USDCUSDT,bybit-S,gate-S,-0.010000500025000148,0.010000500025000148,0.020001000050000297,229202476.0,16832921.0,,,,,,,,,
SS,USDCUSDT,bybit-S,htx-S,-0.010000500025000148,0.010000500025000148,0.020001000050000297,229202476.0,29613898.0,,,,,,,,,
SS,USDCUSDT,okx-S,gate-S,-0.010000500025000148,0.010000500025000148,0.020001000050000297,74082528.0,16832921.0,,,,0.0,,,,,
SS,USDCUSDT,okx-S,htx-S,-0.010000500025000148,0.010000500025000148,0.020001000050000297,74082528.0,29613898.0,,,,0.0,,,,,
SS,USDCUSDT,gate-S,htx-S,-0.010000500025000148,0.010000500025000148,0.020001000050000297,16832921.0,29613898.0,,,,,,,,,
SS,AVAXUSDT,bybit-S,okx-S,-0.01006491872577571,0.01006491872577571,0.02012983745155142,3424546.0,2877159.0,,,,,0.0,,,,
SS,AAVEUSDT,bybit-S,okx-S,-0.010135306339639301,0.010135306339639301,0.020270612679278602,12741165.0,3095466.0,,,,,0.0,,,,
SS,XPLUSDT,bitget-S,okx-S,-0.010350359674994694,0.010350359674994694,0.020700719349989388,2117239.0,3356884.0,,,,,0.0,,,,
SS,PAXGUSDT,binance-S,okx-S,-0.010826846247956433,0.00021652543793479736,0.01104337168589123,16351996.028547,1391204.0,,,,,0.0,,,,
SS,SOLUSDT,bybit-S,okx-S,-0.010838346068380106,0.010838346068380106,0.02167669213676021,43511738.0,64117400.0,,,,,0.0,,,,
SS,SOLUSDT,bybit-S,htx-S,-0.010838346068380106,0.007153440208611359,0.017991786276991464,43511738.0,32281792.0,,,,,,,,,
SS,SOLUSDT,okx-S,htx-S,-0.010838346068380106,0.007153440208611359,0.017991786276991464,64117400.0,32281792.0,,,,0.0,,,,,
SS,SOLUSDT,binance-S,bitget-S,-0.010839520893182068,0.010839520893182068,0.021679041786364137,248663335.14252,47273782.0,,,,,,,,,
SS,PENGUUSDT,binance-S,gate-S,-0.010915243137032859,0.06547359231775493,0.07638883545478779,13031976.166482,4148871.0,,,,,,,,,
SS,PENGUUSDT,bybit-S,gate-S,-0.010915243137032859,0.08730765033285307,0.09822289346988593,2623462.0,4148871.0,,,,,,,,,
SS,ASTERUSDT,binance-S,aster-S,-0.01161170459823052,0.16556050946164225,0.17717221405987277,9620740.2088,5283723.0,,,,,,,,,
SS,ADAUSDT,binance-S,htx-S,-0.012487008002695171,0.030120371288684104,0.042607379291379276,32526814.43039,7678313.0,,,,,,,,,
SS,ADAUSDT,bitget-S,htx-S,-0.012487008002695171,0.030120371288684104,0.042607379291379276,4338006.0,7678313.0,,,,,,,,,
SS,ADAUSDT,bybit-S,htx-S,-0.012487008002695171,0.030120371288684104,0.042607379291379276,12136281.0,7678313.0,,,,,,,,,
SS,ADAUSDT,okx-S,htx-S,-0.012487008002695171,0.030120371288684104,0.042607379291379276,5906471.0,7678313.0,,,,0.0,,,,,
SS,VIRTUALUSDT,bybit-S,okx-S,-0.012554139727573785,0.012554139727573785,0.02510827945514757,2105487.0,1031175.0,,,,,0.0,,,,
SS,VIRTUALUSDT,bybit-S,htx-S,-0.012554139727573785,0.1003890074036922,0.11294314713126596,2105487.0,3378578.0,,,,,,,,,
SS,VIRTUALUSDT,okx-S,htx-S,-0.012554139727573785,0.1003890074036922,0.11294314713126596,1031175.0,3378578.0,,,,0.0,,,,,
SS,VETUSDT,binance-S,htx-S,-0.013532715339334634,0.06765442121643549,0.08118713655577012,1609081.7067223,1608131.0,,,,,,,,,
SS,TURBOUSDT,binance-S,htx-S,-0.014158975486355046,0.13041453190498484,0.1445735073913399,2204931.460548,1464475.0,,,,,,,,,
SS,ASTERUSDT,binance-S,htx-S,-0.01451484142535583,0.17426662794076242,0.18878146936611823,9620740.2088,2753038.0,,,,,,,,,
SS,BNBUSDT,bitget-S,bybit-S,-0.014640216675210123,0.014640216675210123,0.029280433350420246,3547774.0,8738666.0,,,,,,,,,
SS,BNBUSDT,okx-S,gate-S,-0.014642360348491505,0.014642360348491505,0.02928472069698301,8773603.0,17350922.0,,,,0.0,,,,,
SS,ZECUSDT,binance-S,okx-S,-0.016095715856968434,0.010729229998917319,0.026824945855885754,130764345.03371,15430049.0,,,,,0.0,,,,
SS,ENAUSDT,binance-S,gate-S,-0.01640823693493498,0.1312766655726891,0.1476849025076241,11559086.502688,3420303.0,,,,,,,,,
SS,PARTIUSDT,binance-S,htx-S,-0.01653029175964315,0.1819535191464709,0.19848381090611403,2475270.97447,1132212.0,,,,,,,,,
SS,PARTIUSDT,bybit-S,htx-S,-0.01653029175964315,0.09920634920635664,0.1157366409659998,1246805.0,1132212.0,,,,,,,,,
SS,CHIPUSDT,bybit-S,gate-S,-0.016557662058122462,0.04966476285076111,0.06622242490888357,1546700.0,2658408.0,,,,,,,,,
SS,SUIUSDT,bitget-S,okx-S,-0.016756032171579924,0.008378367056259812,0.02513439922783974,7751852.0,18699928.0,,,,,0.0,,,,
SS,SUIUSDT,bybit-S,okx-S,-0.016756032171579924,0.0,0.016756032171579924,8099207.0,18699928.0,,,,,0.0,,,,
SS,SUIUSDT,binance-S,gate-S,-0.01675884028825021,0.0,0.01675884028825021,58245571.21349,14113165.0,,,,,,,,,
SS,LTCUSDT,bybit-S,htx-S,-0.01716590850570425,0.01716590850570425,0.0343318170114085,5496382.0,6917625.0,,,,,,,,,
SS,LTCUSDT,binance-S,bitget-S,-0.01716885569576446,0.01716885569576446,0.03433771139152892,21500445.29239,2064072.0,,,,,,,,,
SS,LTCUSDT,binance-S,okx-S,-0.01716885569576446,0.01716885569576446,0.03433771139152892,21500445.29239,5065460.0,,,,,0.0,,,,
SS,LTCUSDT,bitget-S,okx-S,-0.01716885569576446,0.01716885569576446,0.03433771139152892,2064072.0,5065460.0,,,,,0.0,,,,
SS,MEGAUSDT,binance-S,gate-S,-0.018667164457711636,0.05599626691553021,0.07466343137324184,3407644.951045,1520875.0,,,,,,,,,
SS,FILUSDT,okx-S,htx-S,-0.018834165175626517,0.0847258178394823,0.10355998301510881,4831860.0,5404509.0,,,,0.0,,,,,
SS,LINKUSDT,bitget-S,bybit-S,-0.019029495718352916,0.0,0.019029495718352916,4408640.0,4792346.0,,,,,,,,,
SS,LINKUSDT,bitget-S,okx-S,-0.019029495718352916,0.0,0.019029495718352916,4408640.0,6136965.0,,,,,0.0,,,,
SS,AVAXUSDT,gate-S,htx-S,-0.01912036268309912,0.006037857365686635,0.02515822004878575,4017450.0,2686685.0,,,,,,,,,
SS,JTOUSDT,bybit-S,okx-S,-0.019133263178054145,0.019133263178054145,0.03826652635610829,1329103.0,1797210.0,,,,,0.0,,,,
SS,JTOUSDT,binance-S,bitget-S,-0.019144251938353403,0.05742176284811312,0.07656601478646652,6411649.91945,1002456.0,,,,,,,,,
SS,INJUSDT,bitget-S,okx-S,-0.01922522349322953,0.07689350249903036,0.09611872599225989,2889195.0,5225566.0,,,,,0.0,,,,
SS,INJUSDT,bybit-S,okx-S,-0.01922522349322953,0.11536243030185231,0.13458765379508184,3202130.0,5225566.0,,,,,0.0,,,,
SS,ZBTUSDT,binance-S,bitget-S,-0.01984323841651106,0.13888429615421974,0.1587275345707308,6348992.78049,1064120.0,,,,,,,,,
SS,AVAXUSDT,binance-S,bitget-S,-0.020122748767470486,0.09059338668277558,0.11071613545024607,18695104.1225,1650429.0,,,,,,,,,
SS,AVAXUSDT,bitget-S,gate-S,-0.020124773596303765,0.0,0.020124773596303765,1650429.0,4017450.0,,,,,,,,,
SS,BCHUSDT,binance-S,htx-S,-0.020601801513082142,0.05721805801911083,0.07781985953219298,3785568.5065,4656900.0,,,,,,,,,
SS,XPLUSDT,bitget-S,bybit-S,-0.020701790704887944,0.0,0.020701790704887944,2117239.0,6598645.0,,,,,,,,,
SS,HBARUSDT,binance-S,bybit-S,-0.020918313983884787,0.0,0.020918313983884787,14575833.51813,2838078.0,,,,,,,,,
SS,TIAUSDT,binance-S,bitget-S,-0.021392662316834846,0.08554319931565685,0.10693586163249169,10208532.278226,1140337.0,,,,,,,,,
SS,TIAUSDT,binance-S,okx-S,-0.021392662316834846,0.021392662316834846,0.04278532463366969,10208532.278226,1356670.0,,,,,0.0,,,,
SS,TIAUSDT,bybit-S,okx-S,-0.021392662316834846,0.04278990158323352,0.06418256390006837,1522021.0,1356670.0,,,,,0.0,,,,
SS,PENGUUSDT,okx-S,gate-S,-0.02182929491375825,0.05455835015548908,0.07638764506924733,2692955.0,4148871.0,,,,0.0,,,,,
SS,PENGUUSDT,bitget-S,bybit-S,-0.021834061135374075,0.032749304077283235,0.05458336521265732,1590653.0,2623462.0,,,,,,,,,
SS,DASHUSDT,okx-S,gate-S,-0.02187944426211139,0.13120489831619322,0.1530843425783046,1219955.0,2335318.0,,,,0.0,,,,,
SS,DASHUSDT,okx-S,htx-S,-0.02187944426211139,0.06562397462538341,0.08750341888749481,1219955.0,1956071.0,,,,0.0,,,,,
SS,HBARUSDT,bybit-S,htx-S,-0.021966642084955596,0.07214969493226776,0.09411633701722336,2838078.0,5688634.0,,,,,,,,,
SS,CHZUSDT,binance-S,okx-S,-0.02233389168063219,0.044672771945497396,0.06700666362612959,2961848.24682,1053395.0,,,,,0.0,,,,
SS,TRXUSDT,binance-S,gate-S,-0.02263339557516239,0.01414727311310589,0.036780668688268285,39792550.47085,14121231.0,,,,,,,,,
SS,TRXUSDT,bybit-S,gate-S,-0.02263339557516239,0.01414727311310589,0.036780668688268285,4141327.0,14121231.0,,,,,,,,,
SS,BNBUSDT,okx-S,htx-S,-0.02342880571662393,0.0,0.02342880571662393,8773603.0,8277354.0,,,,0.0,,,,,
SS,BNBUSDT,gate-S,htx-S,-0.02342880571662393,0.0,0.02342880571662393,17350922.0,8277354.0,,,,,,,,,
SS,PEPEUSDT,bitget-S,okx-S,-0.02435163764762332,0.02435163764762332,0.04870327529524664,1984606.0,7637755.0,,,,,0.0,,,,
SS,PEPEUSDT,bitget-S,gate-S,-0.02435163764762332,0.04869734599464695,0.07304898364227026,1984606.0,11257237.0,,,,,,,,,
SS,PEPEUSDT,okx-S,gate-S,-0.02435163764762332,0.04869734599464695,0.07304898364227026,7637755.0,11257237.0,,,,0.0,,,,,
SS,VIRTUALUSDT,bitget-S,gate-S,-0.025090954710823985,0.1129305477131579,0.1380215024239819,1120119.0,2755097.0,,,,,,,,,
SS,VIRTUALUSDT,binance-S,bitget-S,-0.02510670348982902,0.07529175555277262,0.10039845904260165,6851127.2104,1120119.0,,,,,,,,,
SS,VIRTUALUSDT,binance-S,bybit-S,-0.02510670348982902,0.0,0.02510670348982902,6851127.2104,2105487.0,,,,,,,,,
SS,VIRTUALUSDT,binance-S,okx-S,-0.02510670348982902,0.0,0.02510670348982902,6851127.2104,1031175.0,,,,,0.0,,,,
SS,VIRTUALUSDT,binance-S,htx-S,-0.02510670348982902,0.08783487044357036,0.11294157393339938,6851127.2104,3378578.0,,,,,,,,,
SS,ONDOUSDT,bitget-S,gate-S,-0.02536461636017476,0.02536461636017476,0.05072923272034952,3440111.0,8681649.0,,,,,,,,,
SS,ONDOUSDT,binance-S,bybit-S,-0.025377490166219766,0.025377490166219766,0.05075498033243953,18725898.32948,8404296.0,,,,,,,,,
SS,NEARUSDT,binance-S,htx-S,-0.0254323499491325,0.15255530129671738,0.1779876512458499,23699855.0192,2513279.0,,,,,,,,,
SS,NEARUSDT,bitget-S,htx-S,-0.0254323499491325,0.15255530129671738,0.1779876512458499,1430294.0,2513279.0,,,,,,,,,
SS,NEARUSDT,okx-S,htx-S,-0.0254323499491325,0.15255530129671738,0.1779876512458499,2550842.0,2513279.0,,,,0.0,,,,,
SS,ZENUSDT,binance-S,htx-S,-0.025784336773780045,0.34824740707093177,0.3740317438447118,3471300.86733,2135352.0,,,,,,,,,
SS,JUPUSDT,binance-S,gate-S,-0.02650527896805086,0.11482577396988482,0.1413310529379357,2108988.9294,1798828.0,,,,,,,,,
SS,UNIUSDT,bybit-S,okx-S,-0.026755852842806422,0.026755852842806422,0.053511705685612844,1528254.0,3296036.0,,,,,0.0,,,,
SS,XRPUSDT,binance-S,gate-S,-0.0267701780216809,0.04683370688790987,0.07360388490959077,301449218.48283,85455512.0,,,,,,,,,
SS,NXPCUSDT,binance-S,bybit-S,-0.02798376941373695,0.08395130824121085,0.1119350776549478,2207408.18617,1214930.0,,,,,,,,,
SS,FILUSDT,okx-S,gate-S,-0.02825257804774374,0.03766478342749115,0.06591736147523489,4831860.0,3825452.0,,,,0.0,,,,,
SS,TRXUSDT,binance-S,bybit-S,-0.028292544914411938,0.028292544914411938,0.056585089828823876,39792550.47085,4141327.0,,,,,,,,,
SS,FLOKIUSDT,binance-S,htx-S,-0.02853474104721022,0.14259232853270906,0.1711270695799193,3423725.96659647,1530232.0,,,,,,,,,
SS,GIGGLEUSDT,binance-S,htx-S,-0.028781119585546147,0.14390559792777166,0.1726867175133178,4556339.68859,1343625.0,,,,,,,,,
SS,ASTERUSDT,bybit-S,okx-S,-0.029019152640739693,0.014508523757706055,0.04352767639844575,4511032.0,1387854.0,,,,,0.0,,,,
SS,ASTERUSDT,bybit-S,gate-S,-0.029019152640739693,0.014508523757706055,0.04352767639844575,4511032.0,2514991.0,,,,,,,,,
SS,ASTERUSDT,okx-S,gate-S,-0.029019152640739693,0.029019152640739693,0.05803830528147939,1387854.0,2514991.0,,,,0.0,,,,,
SS,BNBUSDT,bitget-S,okx-S,-0.02928257686677093,0.0,0.02928257686677093,3547774.0,8773603.0,,,,,0.0,,,,
SS,BNBUSDT,bitget-S,gate-S,-0.02928257686677093,0.0,0.02928257686677093,3547774.0,17350922.0,,,,,,,,,
SS,BNBUSDT,bybit-S,okx-S,-0.02928257686677093,0.0,0.02928257686677093,8738666.0,8773603.0,,,,,0.0,,,,
SS,BNBUSDT,bybit-S,gate-S,-0.02928257686677093,0.0,0.02928257686677093,8738666.0,17350922.0,,,,,,,,,
SS,NIGHTUSDT,binance-S,okx-S,-0.030070666065241686,0.0030074735718289953,0.03307813963707068,1465144.03247,9561742.0,,,,,0.0,,,,
SS,AVAXUSDT,binance-S,gate-S,-0.03018564169643421,0.08053150795249542,0.11071714964892962,18695104.1225,4017450.0,,,,,,,,,
SS,XRPUSDT,gate-S,htx-S,-0.03144306964641214,0.040152579803247934,0.07159564944966008,85455512.0,5329135.0,,,,,,,,,
SS,POLUSDT,bybit-S,okx-S,-0.03167062549485589,0.03167396927623753,0.06334459477109342,1149415.0,1163949.0,,,,,0.0,,,,
SS,HBARUSDT,binance-S,htx-S,-0.032425251949440924,0.061689992105775845,0.09411524405521676,14575833.51813,5688634.0,,,,,,,,,
SS,PENGUUSDT,binance-S,bitget-S,-0.032749304077283235,0.0,0.032749304077283235,13031976.166482,1590653.0,,,,,,,,,
SS,PENGUUSDT,binance-S,bybit-S,-0.032749304077283235,0.010915243137032859,0.0436645472143161,13031976.166482,2623462.0,,,,,,,,,
SS,ENAUSDT,binance-S,okx-S,-0.032819166393172276,0.06565988181221007,0.09847904820538235,11559086.502688,1801307.0,,,,,0.0,,,,
SS,LTCUSDT,bybit-S,okx-S,-0.03433476394849102,0.0,0.03433476394849102,5496382.0,5065460.0,,,,,0.0,,,,
SS,ASTERUSDT,aster-S,htx-S,-0.03483208034600128,0.04063506806374742,0.07546714840974869,5283723.0,2753038.0,,,,,,,,,
SS,ICPUSDT,binance-S,bitget-S,-0.03525471531818558,0.03525471531818558,0.07050943063637116,23517331.70618,1055683.0,,,,,,,,,
SS,ICPUSDT,binance-S,okx-S,-0.03525471531818558,0.0704970038773431,0.10575171919552867,23517331.70618,3555617.0,,,,,0.0,,,,
SS,ICPUSDT,binance-S,gate-S,-0.03525471531818558,0.0704970038773431,0.10575171919552867,23517331.70618,5866954.0,,,,,,,,,
SS,ICPUSDT,bitget-S,okx-S,-0.03525471531818558,0.0704970038773431,0.10575171919552867,1055683.0,3555617.0,,,,,0.0,,,,
SS,ICPUSDT,bitget-S,gate-S,-0.03525471531818558,0.0704970038773431,0.10575171919552867,1055683.0,5866954.0,,,,,,,,,
SS,CRVUSDT,binance-S,bybit-S,-0.03627788862687792,0.03627788862687792,0.07255577725375584,3741370.80235,1724795.0,,,,,,,,,
SS,ADAUSDT,binance-S,bitget-S,-0.036730945821850866,0.036730945821850866,0.07346189164370173,32526814.43039,4338006.0,,,,,,,,,
SS,ADAUSDT,binance-S,bybit-S,-0.036730945821850866,0.036730945821850866,0.07346189164370173,32526814.43039,12136281.0,,,,,,,,,
SS,ADAUSDT,binance-S,okx-S,-0.036730945821850866,0.036730945821850866,0.07346189164370173,32526814.43039,5906471.0,,,,,0.0,,,,
SS,ADAUSDT,bitget-S,bybit-S,-0.036730945821850866,0.036730945821850866,0.07346189164370173,4338006.0,12136281.0,,,,,,,,,
SS,ADAUSDT,bitget-S,okx-S,-0.036730945821850866,0.036730945821850866,0.07346189164370173,4338006.0,5906471.0,,,,,0.0,,,,
SS,ADAUSDT,bybit-S,okx-S,-0.036730945821850866,0.036730945821850866,0.07346189164370173,12136281.0,5906471.0,,,,,0.0,,,,
SS,IPUSDT,bybit-S,okx-S,-0.0370782350760063,0.01853739920288979,0.05561563427889609,4688474.0,3421973.0,,,,,0.0,,,,
SS,MEGAUSDT,bybit-S,gate-S,-0.03733084461035779,0.027994214528999438,0.06532505913935724,2650940.0,1520875.0,,,,,,,,,
SS,FILUSDT,gate-S,htx-S,-0.03766478342749115,0.09414422895875446,0.1318090123862456,3825452.0,5404509.0,,,,,,,,,
SS,WLDUSDT,binance-S,bybit-S,-0.03807348181990824,0.03807348181990824,0.07614696363981648,9315687.40021,1862857.0,,,,,,,,,
SS,WLDUSDT,binance-S,okx-S,-0.03807348181990824,0.03807348181990824,0.07614696363981648,9315687.40021,3894820.0,,,,,0.0,,,,
SS,WLDUSDT,bybit-S,okx-S,-0.03807348181990824,0.03807348181990824,0.07614696363981648,1862857.0,3894820.0,,,,,0.0,,,,
SS,INJUSDT,binance-S,okx-S,-0.03844675124953226,0.03843936190658812,0.07688611315612037,27378285.22737,5225566.0,,,,,0.0,,,,
SS,AVAXUSDT,binance-S,htx-S,-0.03924311107309575,0.07650647285026929,0.11574958392336504,18695104.1225,2686685.0,,,,,,,,,
SS,XRPUSDT,bitget-S,gate-S,-0.040152579803247934,0.033450409767530824,0.07360298957077877,46624245.0,85455512.0,,,,,,,,,
SS,XRPUSDT,okx-S,gate-S,-0.040152579803247934,0.033450409767530824,0.07360298957077877,59096350.0,85455512.0,,,,0.0,,,,,
SS,ENAUSDT,binance-S,bybit-S,-0.04102564102563651,0.049248953459731286,0.09027459448536779,11559086.502688,6101866.0,,,,,,,,,
SS,ZECUSDT,okx-S,gate-S,-0.041134967405012775,0.008942384218472198,0.05007735162348497,15430049.0,10870406.0,,,,0.0,,,,,
SS,TRUMPUSDT,binance-S,bitget-S,-0.04195510803439857,0.04195510803439857,0.08391021606879714,10347439.058157,2467711.0,,,,,,,,,
SS,TRUMPUSDT,binance-S,bybit-S,-0.04195510803439857,0.04195510803439857,0.08391021606879714,10347439.058157,2951880.0,,,,,,,,,
SS,TRUMPUSDT,binance-S,okx-S,-0.04195510803439857,0.04195510803439857,0.08391021606879714,10347439.058157,8972848.0,,,,,0.0,,,,
SS,TRUMPUSDT,binance-S,gate-S,-0.04195510803439857,0.04195510803439857,0.08391021606879714,10347439.058157,7142053.0,,,,,,,,,
SS,TRUMPUSDT,bitget-S,bybit-S,-0.04195510803439857,0.04195510803439857,0.08391021606879714,2467711.0,2951880.0,,,,,,,,,
SS,TRUMPUSDT,bitget-S,okx-S,-0.04195510803439857,0.04195510803439857,0.08391021606879714,2467711.0,8972848.0,,,,,0.0,,,,
SS,TRUMPUSDT,bitget-S,gate-S,-0.04195510803439857,0.04195510803439857,0.08391021606879714,2467711.0,7142053.0,,,,,,,,,
SS,TRUMPUSDT,bybit-S,okx-S,-0.04195510803439857,0.04195510803439857,0.08391021606879714,2951880.0,8972848.0,,,,,0.0,,,,
SS,TRUMPUSDT,bybit-S,gate-S,-0.04195510803439857,0.04195510803439857,0.08391021606879714,2951880.0,7142053.0,,,,,,,,,
SS,TRUMPUSDT,okx-S,gate-S,-0.04195510803439857,0.04195510803439857,0.08391021606879714,8972848.0,7142053.0,,,,0.0,,,,,
SS,TIAUSDT,bitget-S,gate-S,-0.042762454564887316,0.10691756655618527,0.1496800211210726,1140337.0,3914999.0,,,,,,,,,
SS,TIAUSDT,binance-S,bybit-S,-0.04278990158323352,0.021392662316834846,0.06418256390006837,10208532.278226,1522021.0,,,,,,,,,
SS,HBARUSDT,okx-S,htx-S,-0.04288276792579529,0.05123138288140706,0.09411415080720234,1033486.0,5688634.0,,,,0.0,,,,,
SS,DASHUSDT,binance-S,okx-S,-0.04375410194704883,0.02187944426211139,0.06563354620916023,12160727.75138,1219955.0,,,,,0.0,,,,
SS,DASHUSDT,binance-S,gate-S,-0.04375410194704883,0.13120489831619322,0.17495900026324204,12160727.75138,2335318.0,,,,,,,,,
SS,DASHUSDT,binance-S,htx-S,-0.04375410194704883,0.06562397462538341,0.10937807657243225,12160727.75138,1956071.0,,,,,,,,,
SS,WIFUSDT,bybit-S,okx-S,-0.04521817770744596,0.04521817770744596,0.09043635541489192,2772768.0,1132957.0,,,,,0.0,,,,
SS,WIFUSDT,bybit-S,gate-S,-0.04521817770744596,0.09041591320072592,0.13563409090817186,2772768.0,2932369.0,,,,,,,,,
SS,WIFUSDT,okx-S,gate-S,-0.04521817770744596,0.09041591320072592,0.13563409090817186,1132957.0,2932369.0,,,,0.0,,,,,
SS,BASEDUSDT,bybit-S,okx-S,-0.0463392029657071,0.03476447071093603,0.08110367367664313,2607401.0,4581547.0,,,,,0.0,,,,
SS,SANDUSDT,binance-S,htx-S,-0.046551713291766474,0.15856436328857595,0.20511607658034245,1878255.6033,1479051.0,,,,,,,,,
SS,MEGAUSDT,binance-S,okx-S,-0.046674445740951684,0.07465472191115784,0.12132916765210952,3407644.951045,1461867.0,,,,,0.0,,,,
SS,TONUSDT,binance-S,bybit-S,-0.047314880529921444,0.047314880529921444,0.09462976105984289,51574086.61548,12006167.0,,,,,,,,,
SS,TONUSDT,binance-S,okx-S,-0.047314880529921444,0.047314880529921444,0.09462976105984289,51574086.61548,13744764.0,,,,,0.0,,,,
SS,TONUSDT,bybit-S,okx-S,-0.047314880529921444,0.047314880529921444,0.09462976105984289,12006167.0,13744764.0,,,,,0.0,,,,
SS,UNIUSDT,gate-S,htx-S,-0.048127055426332076,0.05078923802776217,0.09891629345409425,5238871.0,2688148.0,,,,,,,,,
SS,PEPEUSDT,bybit-S,okx-S,-0.04869734599464695,0.0,0.04869734599464695,3860572.0,7637755.0,,,,,0.0,,,,
SS,PEPEUSDT,bybit-S,gate-S,-0.04869734599464695,0.02434570906878877,0.07304305506343571,3860572.0,11257237.0,,,,,,,,,
SS,IMXUSDT,binance-S,bybit-S,-0.04973887092762446,0.04973887092762446,0.09947774185524892,4697766.925835,1465085.0,,,,,,,,,
SS,FARTCOINUSDT,gate-S,htx-S,-0.05009677786633222,0.11839708561020501,0.16849386347653722,2255041.0,9695737.0,,,,,,,,,
SS,AVAXUSDT,binance-S,bybit-S,-0.05031446540879502,0.06040471156750455,0.11071917697629957,18695104.1225,3424546.0,,,,,,,,,
SS,AVAXUSDT,binance-S,okx-S,-0.05031446540879502,0.06040471156750455,0.11071917697629957,18695104.1225,2877159.0,,,,,0.0,,,,
SS,ONDOUSDT,bitget-S,okx-S,-0.05073566717401775,0.0,0.05073566717401775,3440111.0,6128971.0,,,,,0.0,,,,
SS,LDOUSDT,binance-S,bybit-S,-0.05115089514065933,0.051137816415233434,0.10228871155589275,5540716.301799,1187543.0,,,,,,,,,
SS,LTCUSDT,gate-S,htx-S,-0.05148888698189503,0.0,0.05148888698189503,7314544.0,6917625.0,,,,,,,,,
SS,RENDERUSDT,binance-S,bybit-S,-0.051826898160139405,0.051826898160139405,0.10365379632027881,5394490.71345,6827541.0,,,,,,,,,
SS,KITEUSDT,binance-S,okx-S,-0.05207223839617458,0.07572889057175004,0.12780112896792462,15107086.86111,4482073.0,,,,,0.0,,,,
SS,PUMPUSDT,binance-S,bybit-S,-0.05234231876471688,0.05234231876471688,0.10468463752943376,9010894.785903,2218219.0,,,,,,,,,
SS,UNIUSDT,binance-S,bybit-S,-0.05350454788656447,0.0,0.05350454788656447,20971595.40765,1528254.0,,,,,,,,,
SS,UNIUSDT,binance-S,okx-S,-0.05350454788656447,0.0,0.05350454788656447,20971595.40765,3296036.0,,,,,0.0,,,,
SS,XRPUSDT,bybit-S,gate-S,-0.05353319057815256,0.02006890323445088,0.07360209381260344,70397860.0,85455512.0,,,,,,,,,
SS,CCUSDT,bybit-S,okx-S,-0.05374257307495833,0.041787302629623914,0.09552987570458225,10267943.0,2418124.0,,,,,0.0,,,,
SS,BABYUSDT,binance-S,okx-S,-0.05412719891745382,0.05412719891745382,0.10825439783490765,2975281.40752,1118768.0,,,,,0.0,,,,
SS,LITUSDT,bybit-S,htx-S,-0.05428586938820433,0.2061296446975875,0.26041551408579183,1260583.0,2401105.0,,,,,,,,,
SS,ASTERUSDT,okx-S,aster-S,-0.055143591008699186,0.005804504295322873,0.06094809530402206,1387854.0,5283723.0,,,,0.0,,,,,
SS,ASTERUSDT,gate-S,aster-S,-0.055143591008699186,0.005804504295322873,0.06094809530402206,2514991.0,5283723.0,,,,,,,,,
SS,TRXUSDT,binance-S,bitget-S,-0.056593095642325404,0.0,0.056593095642325404,39792550.47085,4470119.0,,,,,,,,,
SS,GRTUSDT,binance-S,htx-S,-0.05699629524081692,0.3378678758780043,0.39486417111882127,3165656.50271,2452689.0,,,,,,,,,
SS,NEARUSDT,bybit-S,gate-S,-0.05719551332973995,0.06990562740301236,0.1271011407327523,4605777.0,7061942.0,,,,,,,,,
SS,WLFIUSDT,binance-S,bybit-S,-0.05732301519059668,0.14336917562724424,0.20069219081784093,9263746.00748,2235533.0,,,,,,,,,
SS,WLFIUSDT,binance-S,okx-S,-0.05732301519059668,0.12904150835186284,0.18636452354245953,9263746.00748,2828794.0,,,,,0.0,,,,
SS,WLFIUSDT,bybit-S,okx-S,-0.05732301519059668,0.042995342171268,0.10031835736186469,2235533.0,2828794.0,,,,,0.0,,,,
SS,INJUSDT,binance-S,bitget-S,-0.05767567047967151,0.0,0.05767567047967151,27378285.22737,2889195.0,,,,,,,,,
SS,INJUSDT,bitget-S,gate-S,-0.057686760888378305,0.03845414343395077,0.09614090432232907,2889195.0,7195928.0,,,,,,,,,
SS,INJUSDT,bybit-S,gate-S,-0.057686760888378305,0.07692307692306845,0.13460983781144675,3202130.0,7195928.0,,,,,,,,,
SS,ASTERUSDT,bybit-S,htx-S,-0.05804672761574038,0.0,0.05804672761574038,4511032.0,2753038.0,,,,,,,,,
SS,ASTERUSDT,okx-S,htx-S,-0.05804672761574038,0.014510629035767103,0.07255735665150749,1387854.0,2753038.0,,,,0.0,,,,,
SS,ASTERUSDT,gate-S,htx-S,-0.05804672761574038,0.014510629035767103,0.07255735665150749,2514991.0,2753038.0,,,,,,,,,
SS,ZECUSDT,bitget-S,okx-S,-0.05900496178088434,0.0017881250614651726,0.06079308684234951,7622441.0,15430049.0,,,,,0.0,,,,
SS,XLMUSDT,binance-S,bitget-S,-0.06125574272587381,0.06125574272587381,0.12251148545174761,11475042.129,1451650.0,,,,,,,,,
SS,XLMUSDT,binance-S,bybit-S,-0.06125574272587381,0.06125574272587381,0.12251148545174761,11475042.129,1906833.0,,,,,,,,,
SS,XLMUSDT,bitget-S,bybit-S,-0.06125574272587381,0.06125574272587381,0.12251148545174761,1451650.0,1906833.0,,,,,,,,,
SS,PNUTUSDT,binance-S,okx-S,-0.06155740227762137,0.13857879744400145,0.2001361997216228,7927105.43634,1243164.0,,,,,0.0,,,,
SS,ENSUSDT,binance-S,htx-S,-0.06216620983922128,0.2641485447110249,0.32631475455024617,1369140.5788,1156107.0,,,,,,,,,
SS,NEARUSDT,binance-S,bitget-S,-0.06359300476946836,0.06359300476946836,0.12718600953893672,23699855.0192,1430294.0,,,,,,,,,
SS,NEARUSDT,binance-S,okx-S,-0.06359300476946836,0.06359300476946836,0.12718600953893672,23699855.0192,2550842.0,,,,,0.0,,,,
SS,NEARUSDT,bitget-S,okx-S,-0.06359300476946836,0.06359300476946836,0.12718600953893672,1430294.0,2550842.0,,,,,0.0,,,,
SS,ORDIUSDT,binance-S,gate-S,-0.06387735547748565,0.0,0.06387735547748565,3331075.3151,2084703.0,,,,,,,,,
SS,HUSDT,bitget-S,bybit-S,-0.06409839568217879,0.06367140138045475,0.12776979706263353,1363465.0,4201447.0,,,,,,,,,
SS,TIAUSDT,binance-S,htx-S,-0.0641917192682192,0.19236934915037124,0.25656106841859044,10208532.278226,1240130.0,,,,,,,,,
SS,TIAUSDT,bybit-S,htx-S,-0.0641917192682192,0.21376656690893564,0.27795828617715485,1522021.0,1240130.0,,,,,,,,,
SS,TIAUSDT,okx-S,htx-S,-0.0641917192682192,0.19236934915037124,0.25656106841859044,1356670.0,1240130.0,,,,0.0,,,,,
SS,STRKUSDT,binance-S,bybit-S,-0.06439841150585435,0.1933612632935864,0.25775967479944073,2151057.592288,1316591.0,,,,,,,,,
SS,MEGAUSDT,okx-S,gate-S,-0.06531983390099436,0.07466865783087244,0.1399884917318668,1461867.0,1520875.0,,,,0.0,,,,,
SS,MEGAUSDT,bybit-S,okx-S,-0.06533812479581894,0.04665267086541486,0.11199079566123378,2650940.0,1461867.0,,,,,0.0,,,,
SS,TONUSDT,gate-S,htx-S,-0.06627218934910513,0.04733951903048144,0.11361170837958658,10899574.0,6625007.0,,,,,,,,,
SS,MONUSDT,bitget-S,bybit-S,-0.0663129973474774,0.0,0.0663129973474774,10211294.0,14379820.0,,,,,,,,,
SS,OPUSDT,binance-S,okx-S,-0.06865774116030826,0.06865774116030826,0.13731548232061652,4162632.942803,1015508.0,,,,,0.0,,,,
SS,WUSDT,okx-S,gate-S,-0.07015082427218235,0.07015082427218235,0.1403016485443647,1254845.0,1715727.0,,,,0.0,,,,,
SS,ICPUSDT,bybit-S,okx-S,-0.0704970038773431,0.035242290748894796,0.1057392946262379,3586033.0,3555617.0,,,,,0.0,,,,
SS,ICPUSDT,bybit-S,gate-S,-0.0704970038773431,0.035242290748894796,0.1057392946262379,3586033.0,5866954.0,,,,,,,,,
SS,ICPUSDT,okx-S,gate-S,-0.0704970038773431,0.0704970038773431,0.1409940077546862,3555617.0,5866954.0,,,,0.0,,,,,
SS,AXSUSDT,binance-S,htx-S,-0.07105917650309114,0.11841326228538045,0.1894724387884716,1239608.14223,1041240.0,,,,,,,,,
SS,AZTECUSDT,bybit-S,htx-S,-0.07242826406492833,0.1958863858961693,0.2683146499610976,1541749.0,4005283.0,,,,,,,,,
SS,CRVUSDT,binance-S,htx-S,-0.0725689404934608,0.10879419764278041,0.18136313813624122,3741370.80235,3605568.0,,,,,,,,,
SS,CRVUSDT,bybit-S,htx-S,-0.0725689404934608,0.10879419764278041,0.18136313813624122,1724795.0,3605568.0,,,,,,,,,
SS,ZBTUSDT,bitget-S,bybit-S,-0.07272486859938447,0.12560737778071315,0.19833224638009764,1064120.0,1133052.0,,,,,,,,,
SS,DOTUSDT,binance-S,bybit-S,-0.0728597449908845,0.0728597449908845,0.145719489981769,8942252.5425,3040548.0,,,,,,,,,
SS,DOTUSDT,binance-S,okx-S,-0.0728597449908845,0.0728597449908845,0.145719489981769,8942252.5425,1732073.0,,,,,0.0,,,,
SS,DOTUSDT,bybit-S,okx-S,-0.0728597449908845,0.0728597449908845,0.145719489981769,3040548.0,1732073.0,,,,,0.0,,,,
SS,PEPEUSDT,binance-S,bybit-S,-0.07301935012777903,0.19493177387915694,0.267951124006936,36517886.4192856,3860572.0,,,,,,,,,
SS,ONDOUSDT,binance-S,htx-S,-0.07361246842913848,0.14253793614199187,0.21615040457113036,18725898.32948,1342088.0,,,,,,,,,
SS,ONDOUSDT,bybit-S,htx-S,-0.07361246842913848,0.14253793614199187,0.21615040457113036,8404296.0,1342088.0,,,,,,,,,
SS,IPUSDT,bybit-S,htx-S,-0.07417022065639828,0.3885650846516775,0.4627353053080758,4688474.0,3596636.0,,,,,,,,,
SS,IPUSDT,okx-S,htx-S,-0.07417022065639828,0.4071058475203515,0.4812760681767498,3421973.0,3596636.0,,,,0.0,,,,,
SS,HUSDT,bitget-S,gate-S,-0.07571481989858336,0.03658214384911796,0.11229696374770132,1363465.0,2917711.0,,,,,,,,,
SS,SKYAIUSDT,gate-S,htx-S,-0.07588045787378243,0.11734483524150835,0.1932252931152908,9181404.0,6326746.0,,,,,,,,,
SS,LINKUSDT,binance-S,gate-S,-0.07607455306199239,0.03805175038051331,0.1141263034425057,47737398.6722,10286477.0,,,,,,,,,
SS,WLDUSDT,bitget-S,bybit-S,-0.0761324704986593,0.0,0.0761324704986593,1439227.0,1862857.0,,,,,,,,,
SS,WLDUSDT,bitget-S,okx-S,-0.0761324704986593,0.0,0.0761324704986593,1439227.0,3894820.0,,,,,0.0,,,,
SS,INJUSDT,binance-S,gate-S,-0.07690828686791862,0.0,0.07690828686791862,27378285.22737,7195928.0,,,,,,,,,
SS,INJUSDT,bitget-S,bybit-S,-0.07692307692306845,0.03845414343395077,0.11537722035701921,2889195.0,3202130.0,,,,,,,,,
SS,HUSDT,bybit-S,gate-S,-0.07741735697142446,0.03871167544130884,0.1161290324127333,4201447.0,2917711.0,,,,,,,,,
SS,SAGAUSDT,bitget-S,gate-S,-0.07838892103249476,0.306645226431318,0.38503414746381276,4230064.0,6362759.0,,,,,,,,,
SS,SHIBUSDT,binance-S,okx-S,-0.07840062720501689,0.10982976386600929,0.18823039107102618,7066082.69065388,1211737.0,,,,,0.0,,,,
SS,KASUSDT,bybit-S,gate-S,-0.07948072592396939,0.0,0.07948072592396939,1455926.0,2401499.0,,,,,,,,,
SS,ENAUSDT,binance-S,bitget-S,-0.08206811653671645,0.16406890894174886,0.2461370254784653,11559086.502688,1174378.0,,,,,,,,,
SS,HYPEUSDT,gate-S,htx-S,-0.08258642274828984,0.34135103722826043,0.42393745997655025,25250397.0,19674314.0,,,,,,,,,
SS,PARTIUSDT,binance-S,bybit-S,-0.08267879288962618,0.16542597187757804,0.2481047647672042,2475270.97447,1246805.0,,,,,,,,,
SS,FTTUSDT,binance-S,htx-S,-0.08304498269896816,0.5801906340654761,0.6632356167644442,1102970.612406,1545772.0,,,,,,,,,
SS,CCUSDT,bybit-S,gate-S,-0.08361204013378001,0.00597068394185151,0.08958272407563153,10267943.0,1025782.0,,,,,,,,,
SS,NXPCUSDT,binance-S,htx-S,-0.08397480755773898,0.195776814431542,0.27975162198928094,2207408.18617,3196342.0,,,,,,,,,
SS,TIAUSDT,bitget-S,okx-S,-0.08554319931565685,0.021392662316834846,0.10693586163249169,1140337.0,1356670.0,,,,,0.0,,,,
SS,WLFIUSDT,okx-S,gate-S,-0.08600917431193304,0.0,0.08600917431193304,2828794.0,3542461.0,,,,0.0,,,,,
SS,INJUSDT,bitget-S,htx-S,-0.0865426222414572,0.24776959348500674,0.3343122157264639,2889195.0,1345096.0,,,,,,,,,
SS,INJUSDT,bybit-S,htx-S,-0.0865426222414572,0.2862384616123469,0.3727810838538041,3202130.0,1345096.0,,,,,,,,,
SS,INJUSDT,gate-S,htx-S,-0.0865426222414572,0.26700218019766747,0.3535448024391247,7195928.0,1345096.0,,,,,,,,,
SS,SWARMSUSDT,bitget-S,gate-S,-0.08680555555555453,0.14471780028944226,0.2315233558449968,1696935.0,2097186.0,,,,,,,,,
SS,VIRTUALUSDT,bitget-S,bybit-S,-0.08784589320449694,0.012554139727573785,0.10040003293207073,1120119.0,2105487.0,,,,,,,,,
SS,VIRTUALUSDT,bitget-S,okx-S,-0.08784589320449694,0.012554139727573785,0.10040003293207073,1120119.0,1031175.0,,,,,0.0,,,,
SS,VIRTUALUSDT,bitget-S,htx-S,-0.08784589320449694,0.1003890074036922,0.18823490060818912,1120119.0,3378578.0,,,,,,,,,
SS,XDCUSDT,bitget-S,bybit-S,-0.08804108584006529,0.14677821811243633,0.2348193039525016,1942302.0,3143910.0,,,,,,,,,
SS,XDCUSDT,bitget-S,gate-S,-0.08804108584006529,0.17610801291458042,0.2641490987546457,1942302.0,1257976.0,,,,,,,,,
SS,XDCUSDT,bybit-S,gate-S,-0.08804108584006529,0.11737089201877456,0.20541197785883983,3143910.0,1257976.0,,,,,,,,,
SS,JUPUSDT,binance-S,bybit-S,-0.08837825894828899,0.0,0.08837825894828899,2108988.9294,1463810.0,,,,,,,,,
SS,NEARUSDT,bybit-S,htx-S,-0.0889849361215323,0.08896231810383604,0.17794725422536833,4605777.0,2513279.0,,,,,,,,,
SS,EIGENUSDT,binance-S,bybit-S,-0.08976660682225224,0.0448732331164411,0.13463983993869333,3580623.221523,1173710.0,,,,,,,,,
SS,SHIBUSDT,binance-S,bybit-S,-0.0940881292143579,0.07846214201647629,0.1725502712308342,7066082.69065388,1763451.0,,,,,,,,,
SS,TONUSDT,bitget-S,bybit-S,-0.09460737937560189,0.0,0.09460737937560189,3711811.0,12006167.0,,,,,,,,,
SS,TONUSDT,bitget-S,okx-S,-0.09460737937560189,0.0,0.09460737937560189,3711811.0,13744764.0,,,,,0.0,,,,
SS,KITEUSDT,binance-S,htx-S,-0.09469696969695927,0.07099751508697728,0.16569448478393656,15107086.86111,5340943.0,,,,,,,,,
SS,POLUSDT,binance-S,okx-S,-0.09498179515592091,0.03167396927623753,0.12665576443215842,4916348.88466,1163949.0,,,,,0.0,,,,
SS,LINKUSDT,binance-S,bitget-S,-0.09510223490251818,0.00951429522857567,0.10461653013109384,47737398.6722,4408640.0,,,,,,,,,
SS,NEARUSDT,gate-S,htx-S,-0.0953379731146952,0.08260524225576356,0.17794321537045876,7061942.0,2513279.0,,,,,,,,,
SS,INJUSDT,okx-S,gate-S,-0.0961261174661135,0.01922522349322953,0.11535134095934305,5225566.0,7195928.0,,,,0.0,,,,,
SS,INJUSDT,binance-S,bybit-S,-0.09614460148062481,0.0,0.09614460148062481,27378285.22737,3202130.0,,,,,,,,,
SS,ZAMAUSDT,binance-S,htx-S,-0.09655735878485626,0.28922095739553444,0.3857783161803907,1758771.02209,1243892.0,,,,,,,,,
SS,PENDLEUSDT,binance-S,bybit-S,-0.09694619486186253,0.04846135207171746,0.14540754693358,6555078.5786,1366574.0,,,,,,,,,
SS,PEPEUSDT,binance-S,bitget-S,-0.09737098344691951,0.1705860850493506,0.2679570684962701,36517886.4192856,1984606.0,,,,,,,,,
SS,PEPEUSDT,binance-S,okx-S,-0.09737098344691951,0.1705860850493506,0.2679570684962701,36517886.4192856,7637755.0,,,,,0.0,,,,
SS,PEPEUSDT,binance-S,gate-S,-0.09737098344691951,0.19493177387915694,0.2923027573260764,36517886.4192856,11257237.0,,,,,,,,,
SS,CAKEUSDT,binance-S,htx-S,-0.09776763891150952,0.045621924593471044,0.14338956350498056,1718856.37716,2968016.0,,,,,,,,,
SS,ENAUSDT,bitget-S,gate-S,-0.09840905363293023,0.1312766655726891,0.2296857192056193,1174378.0,3420303.0,,,,,,,,,
SS,ONDOUSDT,okx-S,htx-S,-0.09898351543762172,0.1171604565707535,0.21614397200837523,6128971.0,1342088.0,,,,0.0,,,,,
SS,TONUSDT,binance-S,gate-S,-0.09938711280437261,0.00946476740334002,0.10885188020771264,51574086.61548,10899574.0,,,,,,,,,
SS,TONUSDT,bybit-S,gate-S,-0.09938711280437261,0.00946476740334002,0.10885188020771264,12006167.0,10899574.0,,,,,,,,,
SS,TONUSDT,okx-S,gate-S,-0.09938711280437261,0.00946476740334002,0.10885188020771264,13744764.0,10899574.0,,,,0.0,,,,,
SS,WLFIUSDT,binance-S,gate-S,-0.10033684512291353,0.08604617811559515,0.18638302323850867,9263746.00748,3542461.0,,,,,,,,,
SS,WLFIUSDT,bybit-S,gate-S,-0.10033684512291353,0.0,0.10033684512291353,2235533.0,3542461.0,,,,,,,,,
SS,ARUSDT,binance-S,htx-S,-0.10131712259372591,0.4228329809725256,0.5241501035662516,2600739.1349,2278032.0,,,,,,,,,
SS,SAHARAUSDT,binance-S,bybit-S,-0.10160020320040225,0.10154861640009742,0.20314881960049966,8721744.79994,1537725.0,,,,,,,,,
SS,LINKUSDT,binance-S,bybit-S,-0.10461743306861224,0.0,0.10461743306861224,47737398.6722,4792346.0,,,,,,,,,
SS,LINKUSDT,binance-S,okx-S,-0.10461743306861224,0.0,0.10461743306861224,47737398.6722,6136965.0,,,,,0.0,,,,
SS,PUMPUSDT,binance-S,okx-S,-0.10471204188480794,0.05234231876471688,0.15705436064952483,9010894.785903,3033999.0,,,,,0.0,,,,
SS,PUMPUSDT,binance-S,htx-S,-0.10471204188480794,0.05234231876471688,0.15705436064952483,9010894.785903,1970135.0,,,,,,,,,
SS,PUMPUSDT,bybit-S,okx-S,-0.10471204188480794,0.05234231876471688,0.15705436064952483,2218219.0,3033999.0,,,,,0.0,,,,
SS,PUMPUSDT,bybit-S,htx-S,-0.10471204188480794,0.05234231876471688,0.15705436064952483,2218219.0,1970135.0,,,,,,,,,
SS,PUMPUSDT,okx-S,htx-S,-0.10471204188480794,0.10471204188480794,0.20942408376961588,3033999.0,1970135.0,,,,0.0,,,,,
SS,POLUSDT,binance-S,bybit-S,-0.1055408970976137,0.04222972972972801,0.1477706268273417,4916348.88466,1149415.0,,,,,,,,,
SS,INJUSDT,binance-S,htx-S,-0.10576414595453111,0.20931549990879134,0.31507964586332243,27378285.22737,1345096.0,,,,,,,,,
SS,BIOUSDT,gate-S,htx-S,-0.10625863351396131,0.1912249017316473,0.2974835352456086,2431646.0,2435745.0,,,,,,,,,
SS,TIAUSDT,bitget-S,bybit-S,-0.10694043417816285,0.021392662316834846,0.1283330964949977,1140337.0,1522021.0,,,,,,,,,
SS,CCUSDT,okx-S,gate-S,-0.10748835542817,0.041802275238115756,0.14929063066628576,2418124.0,1025782.0,,,,0.0,,,,,
SS,XDCUSDT,bitget-S,htx-S,-0.10859516017786802,0.5507704927638152,0.6593656529416831,1942302.0,6349394.0,,,,,,,,,
SS,XDCUSDT,bybit-S,htx-S,-0.10859516017786802,0.4920337394564242,0.6006288996342921,3143910.0,6349394.0,,,,,,,,,
SS,ETHFIUSDT,binance-S,okx-S,-0.1119194180190264,0.15682760165788695,0.26874701967691333,2822798.5985,2653434.0,,,,,0.0,,,,
SS,NXPCUSDT,bybit-S,htx-S,-0.1119507416736668,0.1677852348993259,0.27973597657299265,1214930.0,3196342.0,,,,,,,,,
SS,VIRTUALUSDT,gate-S,htx-S,-0.1129305477131579,0.03763407137928457,0.15056461909244248,2755097.0,3378578.0,,,,,,,,,
SS,FILUSDT,binance-S,okx-S,-0.11295180722890322,0.0,0.11295180722890322,8060211.48725,4831860.0,,,,,0.0,,,,
SS,FILUSDT,binance-S,htx-S,-0.11295180722890322,0.06589165529250463,0.17884346252140784,8060211.48725,5404509.0,,,,,,,,,
SS,CRCLXUSDT,bybit-S,gate-S,-0.11445389143230916,0.11447260834014762,0.2289264997724568,5168910.0,4672491.0,,,,,,,,,
SS,ENAUSDT,bitget-S,okx-S,-0.1148199786762907,0.06565988181221007,0.18047986048850076,1174378.0,1801307.0,,,,,0.0,,,,
SS,BONKUSDT,binance-S,bybit-S,-0.11534025374855472,0.05770340450086989,0.1730436582494246,4039086.01688271,1466865.0,,,,,,,,,
SS,DOTUSDT,binance-S,htx-S,-0.11660107855998003,0.0582920431361055,0.17489312169608554,8942252.5425,1419525.0,,,,,,,,,
SS,DOTUSDT,bybit-S,htx-S,-0.11660107855998003,0.0582920431361055,0.17489312169608554,3040548.0,1419525.0,,,,,,,,,
SS,DOTUSDT,okx-S,htx-S,-0.11660107855998003,0.0582920431361055,0.17489312169608554,1732073.0,1419525.0,,,,0.0,,,,,
SS,BSBUSDT,bitget-S,bybit-S,-0.11980352222355348,0.16060791293612933,0.2804114351596828,1288050.0,3082875.0,,,,,,,,,
SS,JSTUSDT,binance-S,htx-S,-0.12125888772529239,0.11564831896907121,0.23690720669436363,2880309.173736,2827604.0,,,,,,,,,
SS,RIVERUSDT,bitget-S,htx-S,-0.12158220801487093,0.08602150537634977,0.2076037133912207,8714196.0,4314331.0,,,,,,,,,
SS,FILUSDT,binance-S,gate-S,-0.12237021697179432,0.01883061858581847,0.14120083555761279,8060211.48725,3825452.0,,,,,,,,,
SS,ENAUSDT,bitget-S,bybit-S,-0.12302645068689551,0.049248953459731286,0.1722754041466268,1174378.0,6101866.0,,,,,,,,,
SS,KITEUSDT,okx-S,htx-S,-0.12308857643326349,0.07573247503195969,0.19882105146522316,4482073.0,5340943.0,,,,0.0,,,,,
SS,ORCAUSDT,binance-S,htx-S,-0.12404382881951788,0.020673259139301032,0.1447170879588189,1041107.77794,2613696.0,,,,,,,,,
SS,ONDOUSDT,bitget-S,htx-S,-0.12434812399284123,0.09178941176173015,0.21613753575457137,3440111.0,1342088.0,,,,,,,,,
SS,ONDOUSDT,gate-S,htx-S,-0.12434812399284123,0.09178941176173015,0.21613753575457137,8681649.0,1342088.0,,,,,,,,,
SS,INJUSDT,okx-S,htx-S,-0.12498197375378457,0.2285407004100421,0.3535226741638267,5225566.0,1345096.0,,,,0.0,,,,,
SS,OGUSDT,binance-S,htx-S,-0.12511634294083737,0.1585559214538319,0.28367226439466925,1660534.1454,1479638.0,,,,,,,,,
SS,SAHARAUSDT,binance-S,htx-S,-0.1270163851136833,0.02539682539681555,0.15241321051049886,8721744.79994,1583726.0,,,,,,,,,
SS,NEARUSDT,bybit-S,okx-S,-0.12714558169103635,0.0,0.12714558169103635,4605777.0,2550842.0,,,,,0.0,,,,
SS,LDOUSDT,bybit-S,htx-S,-0.12789359253101432,0.0,0.12789359253101432,1187543.0,1323295.0,,,,,,,,,
SS,LINEAUSDT,binance-S,htx-S,-0.12799180852426031,0.15345268542199306,0.28144449394625337,2000273.343308,2123979.0,,,,,,,,,
SS,TIAUSDT,bitget-S,htx-S,-0.12834224598930252,0.19236934915037124,0.3207115951396738,1140337.0,1240130.0,,,,,,,,,
SS,ROBOUSDT,binance-S,htx-S,-0.12989199720972383,0.3169572107765456,0.44684920798626937,1408063.77401,1743781.0,,,,,,,,,
SS,DASHUSDT,gate-S,htx-S,-0.13120489831619322,0.06562397462538341,0.19682887294157664,2335318.0,1956071.0,,,,,,,,,
SS,SKYUSDT,binance-S,htx-S,-0.1350215621168086,0.3491552916271329,0.4841768537439415,1388103.97444,1128317.0,,,,,,,,,
SS,XDCUSDT,gate-S,htx-S,-0.1379249629510027,0.4920337394564242,0.6299587024074269,1257976.0,6349394.0,,,,,,,,,
SS,OPGUSDT,bybit-S,gate-S,-0.1410437235543059,0.0,0.1410437235543059,2687519.0,1822923.0,,,,,,,,,
SS,BIOUSDT,binance-S,htx-S,-0.1487304791246162,0.2337689937307385,0.3824994728553547,7925579.42821,2435745.0,,,,,,,,,
SS,BILLUSDT,bybit-S,htx-S,-0.148842881096057,0.028668440526428047,0.17751132162248504,1711787775.0,21705869.0,,,,,,,,,
SS,IMXUSDT,binance-S,okx-S,-0.14929086837521507,0.0,0.14929086837521507,4697766.925835,2047754.0,,,,,0.0,,,,
SS,IMXUSDT,bybit-S,okx-S,-0.14929086837521507,0.0,0.14929086837521507,1465085.0,2047754.0,,,,,0.0,,,,
SS,TIAUSDT,gate-S,htx-S,-0.14971660784942326,0.14958863126401933,0.29930523911344253,3914999.0,1240130.0,,,,,,,,,
SS,USDEUSDT,binance-S,htx-S,-0.15009756341621514,0.11992804317410453,0.27002560659031966,1518884.0871,1180726.0,,,,,,,,,
SS,STABLEUSDT,bitget-S,bybit-S,-0.15105740181268265,0.15105740181268265,0.3021148036253653,2490681.0,6941306.0,,,,,,,,,
SS,SAHARAUSDT,okx-S,htx-S,-0.15240030480060338,0.12704865963664447,0.2794489644372478,1221339.0,1583726.0,,,,0.0,,,,,
SS,SAHARAUSDT,binance-S,okx-S,-0.1524390243902553,0.07617113114128553,0.22861015553154088,8721744.79994,1221339.0,,,,,0.0,,,,
SS,SXTUSDT,binance-S,htx-S,-0.15659477542885225,0.31267765776009543,0.4692724331889476,1468566.617721,1079968.0,,,,,,,,,
SS,FFUSDT,binance-S,htx-S,-0.1612403100775085,0.03717702459880073,0.19841733467630923,10342203.886867,1515021.0,,,,,,,,,
SS,GALAUSDT,binance-S,htx-S,-0.161420500403561,0.16159439806086529,0.3230148984644263,5283975.66691,1815844.0,,,,,,,,,
SS,NAORISUSDT,bitget-S,gate-S,-0.16150071433008895,0.14908684308609157,0.3105875574161805,1947318.0,2982421.0,,,,,,,,,
SS,LITUSDT,gate-S,htx-S,-0.16276924746351873,0.08673967255772654,0.24950892002124528,4077209.0,2401105.0,,,,,,,,,
SS,0GUSDT,binance-S,htx-S,-0.16317650258363012,0.19943794760221012,0.36261445018584026,1145587.50205,2425851.0,,,,,,,,,
SS,GUNUSDT,binance-S,htx-S,-0.16657412548583922,0.1595947680671717,0.32616889355301093,1814048.34482,1752786.0,,,,,,,,,
SS,BIOUSDT,binance-S,gate-S,-0.16999575010625514,0.17006802721087744,0.34006377731713255,7925579.42821,2431646.0,,,,,,,,,
SS,CCUSDT,gate-S,htx-S,-0.17329469060922792,0.31616309243296614,0.489457783042194,1025782.0,1984990.0,,,,,,,,,
SS,SAHARAUSDT,bybit-S,htx-S,-0.17777777777777934,0.07620983106819589,0.25398760884597527,1537725.0,1583726.0,,,,,,,,,
SS,CCUSDT,bybit-S,htx-S,-0.18523497953452525,0.2504621623233369,0.4356971418578622,10267943.0,1984990.0,,,,,,,,,
SS,FFUSDT,bitget-S,bybit-S,-0.18570102135563135,0.03714940251376184,0.2228504238693932,1153559.0,2539043.0,,,,,,,,,
SS,MEGAUSDT,okx-S,htx-S,-0.18674136321195678,0.0,0.18674136321195678,1461867.0,2232727.0,,,,0.0,,,,,
SS,MNTUSDT,bybit-S,htx-S,-0.18741440207598628,1.9400855920114042,2.1274999940873904,22906548.0,4428145.0,,,,,,,,,
SS,ARPAUSDT,binance-S,htx-S,-0.18869542842438847,0.22273622890430894,0.4114316573286974,1086058.799829,1290534.0,,,,,,,,,
SS,DUSKUSDT,binance-S,htx-S,-0.19423761735189043,0.0,0.19423761735189043,2875376.7691,2760003.0,,,,,,,,,
SS,TLMUSDT,binance-S,htx-S,-0.1950268161872305,1.066408143480363,1.2614349596675936,1714246.061111,1763162.0,,,,,,,,,
SS,USDEUSDT,bybit-S,htx-S,-0.2000800320127942,0.06994055053206225,0.27002058254485645,9659189.0,1180726.0,,,,,,,,,
SS,AZTECUSDT,gate-S,htx-S,-0.200114959657669,0.06809090135330094,0.26820586101096994,1753984.0,4005283.0,,,,,,,,,
SS,HOLOUSDT,binance-S,bybit-S,-0.20318320352183863,0.06772773450727328,0.2709109380291119,2072219.25139,1506422.0,,,,,,,,,
SS,SAHARAUSDT,bybit-S,okx-S,-0.20320040640082215,0.126984126984113,0.33018453338493514,1537725.0,1221339.0,,,,,0.0,,,,
SS,CCUSDT,okx-S,htx-S,-0.20911127707245225,0.2862936896099132,0.4954049666823654,2418124.0,1984990.0,,,,0.0,,,,,
SS,KASUSDT,gate-S,htx-S,-0.2148569609676645,0.05034512910875392,0.26520209007641843,2401499.0,2446412.0,,,,,,,,,
SS,EDGEUSDT,bybit-S,htx-S,-0.22134161579378678,0.04278990158323748,0.2641315173770242,1657742.0,2889998.0,,,,,,,,,
SS,STABLEUSDT,bitget-S,htx-S,-0.2216289729511857,0.22650056625141507,0.4481295392026008,2490681.0,3009457.0,,,,,,,,,
SS,STABLEUSDT,bybit-S,htx-S,-0.2216289729511857,0.22650056625141507,0.4481295392026008,6941306.0,3009457.0,,,,,,,,,
SS,PLUMEUSDT,binance-S,htx-S,-0.22379709063781258,0.07454342154304579,0.2983405121808584,1438008.2555,1393865.0,,,,,,,,,
SS,DOGSUSDT,binance-S,okx-S,-0.23129026928795973,0.016527559705812076,0.2478178289937718,10213310.3450582,1601371.0,,,,,0.0,,,,
SS,BIOUSDT,okx-S,htx-S,-0.23362004884782622,0.021229168878030193,0.2548492177258564,3519950.0,2435745.0,,,,0.0,,,,,
SS,SPKUSDT,binance-S,htx-S,-0.25603620232815133,0.154499806875231,0.4105360092033823,185787787.919956,5020842.0,,,,,,,,,
SS,CHIPUSDT,binance-S,htx-S,-0.25874079479865214,0.23993711992720182,0.498677914725854,13127690.55554,1739620.0,,,,,,,,,
SS,FFUSDT,bybit-S,htx-S,-0.2603359573544759,0.01239080602194412,0.27272676337642004,2539043.0,1515021.0,,,,,,,,,
SS,KASUSDT,bybit-S,htx-S,-0.26783701719726827,0.023844533640649958,0.29168155083791825,1455926.0,2446412.0,,,,,,,,,
SS,BLENDUSDT,bybit-S,htx-S,-0.27944439878360067,0.22155664054485905,0.5010010393284597,1041615.0,5909367.0,,,,,,,,,
SS,BERAUSDT,binance-S,htx-S,-0.29382957884426514,0.0,0.29382957884426514,4048361.29494,1844989.0,,,,,,,,,
SS,AIXBTUSDT,binance-S,htx-S,-0.3007518796992567,0.6006006006005971,0.9013524802998538,3155690.44973,1818530.0,,,,,,,,,
SS,JASMYUSDT,binance-S,htx-S,-0.3076923076923085,0.38446751249519184,0.6921598201875003,1027205.771753,2209646.0,,,,,,,,,
SS,CHIPUSDT,bybit-S,htx-S,-0.3084219079045643,0.19024773563837044,0.49866964354293475,1546700.0,1739620.0,,,,,,,,,
SS,ATHUSDT,bybit-S,htx-S,-0.31294240369570353,0.3120588453822748,0.6250012490779783,11018365.0,1732751.0,,,,,,,,,
SS,BANANAS31USDT,binance-S,htx-S,-0.32631497164167794,0.054290921782293874,0.38060589342397183,3169962.45485,1016442.0,,,,,,,,,
SS,KAVAUSDT,binance-S,htx-S,-0.3301627230563664,0.07852375343542735,0.4086864764917938,1891296.631709,1141686.0,,,,,,,,,
SS,CHIPUSDT,gate-S,htx-S,-0.3415289221944142,0.19024773563837044,0.5317766578327846,2658408.0,1739620.0,,,,,,,,,
SS,WUSDT,binance-S,okx-S,-0.35026269702276497,0.42164441321151996,0.7719071102342848,2388491.35897,1254845.0,,,,,0.0,,,,
SS,WUSDT,binance-S,gate-S,-0.35026269702276497,0.42164441321151996,0.7719071102342848,2388491.35897,1715727.0,,,,,,,,,
SS,BANUSDT,gate-S,htx-S,-0.3649388389538506,0.06751738572681723,0.4324562246806678,1158338.0,3187212.0,,,,,,,,,
SS,DEGENUSDT,bybit-S,okx-S,-0.37606672773733585,0.08677626187148203,0.4628429896088178,1338665.0,3309544.0,,,,,0.0,,,,
SS,LAYERUSDT,binance-S,htx-S,-0.4020100502512538,0.6006006006006039,1.0026106508518577,40212200.895404,5200411.0,,,,,,,,,
SS,CFXUSDT,okx-S,htx-S,-0.4053082303719745,0.16952467888114378,0.5748329092531183,7087020.0,1447660.0,,,,0.0,,,,,
SS,WIFUSDT,binance-S,bybit-S,-0.406228842247805,0.09045680687471991,0.49668564912252483,2802009.39992,2772768.0,,,,,,,,,
SS,WIFUSDT,binance-S,okx-S,-0.406228842247805,0.09045680687471991,0.49668564912252483,2802009.39992,1132957.0,,,,,0.0,,,,
SS,WIFUSDT,binance-S,gate-S,-0.406228842247805,0.13565453312231276,0.5418833753701178,2802009.39992,2932369.0,,,,,,,,,
SS,OPGUSDT,gate-S,htx-S,-0.42402826855124887,0.10580144595310262,0.5298297145043515,1822923.0,5607267.0,,,,,,,,,
SS,BGSCUSDT,bitget-S,gate-S,-0.43838961183097797,0.4220346512661022,0.8604242630970802,1587270.0,1279510.0,,,,,,,,,
SS,CFXUSDT,binance-S,htx-S,-0.4444444444444535,0.13037809647979515,0.5748225409242487,13503615.74789,1447660.0,,,,,,,,,
SS,XCNUSDT,gate-S,htx-S,-0.44777572276841393,0.7548630600987124,1.2026387828671263,1119450.0,3620295.0,,,,,,,,,
SS,SAGAUSDT,binance-S,bitget-S,-0.4484304932735373,0.0,0.4484304932735373,51987558.862809,4230064.0,,,,,,,,,
SS,币安人生USDT,binance-S,htx-S,-0.48899755501222536,0.1949792834511389,0.6839768384633643,6820510.54326,1390077.0,,,,,,,,,
SS,OPGUSDT,bybit-S,htx-S,-0.4945249028611841,0.03525471531816992,0.529779618179354,2687519.0,5607267.0,,,,,,,,,
SS,NOMUSDT,binance-S,htx-S,-0.5707297187117866,0.0,0.5707297187117866,1385777.12434,1046434.0,,,,,,,,,
SS,ZEREBROUSDT,bybit-S,htx-S,-0.5824910056535891,0.34188034188033983,0.9243713475339289,1077057.0,1312997.0,,,,,,,,,
SS,RAYUSDT,binance-S,htx-S,-0.6071338224133603,0.26480045394363416,0.8719342763569945,1747702.1852,2440096.0,,,,,,,,,
SS,ABUSDT,bitget-S,htx-S,-0.6226219301279761,0.0,0.6226219301279761,1368012.0,1356920.0,,,,,,,,,
SS,MLNUSDT,binance-S,gate-S,-0.806813088301201,0.14914243102162247,0.9559555193228234,12225028.07752,2565461.0,,,,,,,,,
SS,MERLUSDT,okx-S,htx-S,-0.936454849498336,1.5606401269673327,2.497094976465669,1045478.0,1496460.0,,,,0.0,,,,,
SS,XYOUSDT,gate-S,htx-S,-0.9408269373607288,1.0569005776084461,1.9977275149691747,1255538.0,5316685.0,,,,,,,,,
SS,GWEIUSDT,bitget-S,htx-S,-0.9489131634116762,0.743400575985975,1.6923137393976513,1349160.0,2349956.0,,,,,,,,,
SS,AIUSDT,binance-S,htx-S,-0.9756097560975664,0.3241491085899494,1.2997588646875158,23378813.96878,5801763.0,,,,,,,,,
SS,BABYUSDT,binance-S,htx-S,-1.027984009137626,5.409961282166092,6.437945291303718,2975281.40752,3105767.0,,,,,,,,,
SS,BABYUSDT,okx-S,htx-S,-1.027984009137626,5.409961282166092,6.437945291303718,1118768.0,3105767.0,,,,0.0,,,,,
SS,MORPHOUSDT,binance-S,htx-S,-1.2507398924260746,2.526528549772615,3.777268442198689,2465539.2478,2261969.0,,,,,,,,,
SS,POLYXUSDT,binance-S,htx-S,-1.4693877551020376,0.9693053311793157,2.4386930862813534,3175310.57295,1063863.0,,,,,,,,,
SS,MANTAUSDT,binance-S,htx-S,-1.5700684817103665,0.2428524119659984,1.812920893676365,2145461.505776,1751108.0,,,,,,,,,
SS,DEXEUSDT,binance-S,htx-S,-1.6308952822195064,0.09714501592098145,1.7280402981404879,2636390.89744,1293782.0,,,,,,,,,
SS,RADUSDT,binance-S,htx-S,-2.0073283415644507,0.6623560952531117,2.6696844368175623,9349085.6715,1936516.0,,,,,,,,,
SS,BEATUSDT,gate-S,htx-S,-2.5091479351803394,0.17208742040956823,2.6812353555899078,3206306.0,2313697.0,,,,,,,,,
