ts_hk,gate_open,gate_high,gate_low,gate_close,gate_volume_contracts,change_from_hk_close_usdt,change_from_hk_close_pct
2026-05-14 16:10,138.95,138.95,138.95,138.95,1,0.0,0.0
2026-05-14 16:11,138.95,138.95,138.95,138.95,1,0.0,0.0
2026-05-14 16:12,138.95,138.95,138.95,138.95,2,0.0,0.0
2026-05-14 16:13,138.95,138.95,138.95,138.95,1,0.0,0.0
2026-05-14 16:14,139.6,139.6,139.6,139.6,1,0.6500000000000057,0.4677941705649502
2026-05-14 16:15,139.45,139.45,139.45,139.45,1,0.5,0.3598416696653395
2026-05-14 16:16,139.45,139.45,139.45,139.45,1,0.5,0.3598416696653395
2026-05-14 16:17,139.45,139.45,139.45,139.45,2,0.5,0.3598416696653395
2026-05-14 16:18,139.45,139.45,139.45,139.45,1,0.5,0.3598416696653395
2026-05-14 16:19,139.45,139.45,139.45,139.45,1,0.5,0.3598416696653395
2026-05-14 16:20,139.45,139.45,139.45,139.45,1,0.5,0.3598416696653395
2026-05-14 16:21,139.45,139.45,139.45,139.45,1,0.5,0.3598416696653395
2026-05-14 16:22,139.45,139.45,139.45,139.45,2,0.5,0.3598416696653395
2026-05-14 16:23,139.45,139.45,139.45,139.45,1,0.5,0.3598416696653395
2026-05-14 16:24,139.45,139.45,139.45,139.45,1,0.5,0.3598416696653395
2026-05-14 16:25,139.45,139.45,139.45,139.45,1,0.5,0.3598416696653395
2026-05-14 16:26,139.45,139.45,139.45,139.45,1,0.5,0.3598416696653395
2026-05-14 16:27,139.45,139.45,139.45,139.45,2,0.5,0.3598416696653395
2026-05-14 16:28,139.45,139.45,139.45,139.45,1,0.5,0.3598416696653395
2026-05-14 16:29,139.45,139.45,139.45,139.45,1,0.5,0.3598416696653395
2026-05-14 16:30,140.0,140.0,140.0,140.0,244,1.0500000000000114,0.7556675062972307
2026-05-14 16:31,139.59,139.59,139.59,139.59,1,0.6400000000000148,0.4605973371716532
2026-05-14 16:32,139.59,139.59,139.59,139.59,1,0.6400000000000148,0.4605973371716532
2026-05-14 16:33,139.59,140.0,139.59,140.0,10,1.0500000000000114,0.7556675062972307
2026-05-14 16:34,139.59,139.59,139.59,139.59,1,0.6400000000000148,0.4605973371716532
2026-05-14 16:35,139.59,139.59,139.59,139.59,1,0.6400000000000148,0.4605973371716532
2026-05-14 16:36,139.59,139.59,139.59,139.59,1,0.6400000000000148,0.4605973371716532
2026-05-14 16:37,139.59,139.59,139.59,139.59,2,0.6400000000000148,0.4605973371716532
2026-05-14 16:38,139.59,139.59,139.59,139.59,1,0.6400000000000148,0.4605973371716532
2026-05-14 16:39,139.59,139.59,139.59,139.59,1,0.6400000000000148,0.4605973371716532
2026-05-14 16:40,139.59,139.59,139.59,139.59,1,0.6400000000000148,0.4605973371716532
2026-05-14 16:41,139.59,139.59,139.59,139.59,1,0.6400000000000148,0.4605973371716532
2026-05-14 16:42,139.59,139.59,139.59,139.59,2,0.6400000000000148,0.4605973371716532
2026-05-14 16:43,139.59,139.59,139.59,139.59,1,0.6400000000000148,0.4605973371716532
2026-05-14 16:44,139.59,139.59,139.59,139.59,1,0.6400000000000148,0.4605973371716532
2026-05-14 16:45,139.59,139.59,139.59,139.59,1,0.6400000000000148,0.4605973371716532
2026-05-14 16:46,139.59,139.59,139.59,139.59,1,0.6400000000000148,0.4605973371716532
2026-05-14 16:47,139.59,139.59,139.59,139.59,2,0.6400000000000148,0.4605973371716532
2026-05-14 16:48,139.59,139.59,139.59,139.59,1,0.6400000000000148,0.4605973371716532
2026-05-14 16:49,139.59,139.59,139.59,139.59,1,0.6400000000000148,0.4605973371716532
2026-05-14 16:50,139.58,139.58,139.58,139.58,1,0.6300000000000239,0.45340050377835617
2026-05-14 16:51,139.58,140.0,139.58,140.0,91,1.0500000000000114,0.7556675062972307
2026-05-14 16:52,139.59,139.59,139.59,139.59,1,0.6400000000000148,0.4605973371716532
2026-05-14 16:53,139.59,139.59,139.59,139.59,1,0.6400000000000148,0.4605973371716532
2026-05-14 16:54,139.59,139.59,139.59,139.59,1,0.6400000000000148,0.4605973371716532
2026-05-14 16:55,139.59,139.59,139.59,139.59,1,0.6400000000000148,0.4605973371716532
2026-05-14 16:56,139.59,139.59,139.59,139.59,2,0.6400000000000148,0.4605973371716532
2026-05-14 16:57,139.59,139.59,139.59,139.59,1,0.6400000000000148,0.4605973371716532
2026-05-14 16:58,139.59,139.59,139.59,139.59,1,0.6400000000000148,0.4605973371716532
2026-05-14 16:59,139.59,139.59,139.59,139.59,1,0.6400000000000148,0.4605973371716532
2026-05-14 17:00,140.0,140.0,139.59,139.59,21,0.6400000000000148,0.4605973371716532
2026-05-14 17:01,139.58,139.58,139.58,139.58,1,0.6300000000000239,0.45340050377835617
2026-05-14 17:02,139.58,139.58,139.58,139.58,1,0.6300000000000239,0.45340050377835617
2026-05-14 17:03,139.58,139.58,135.02,135.02,51,-3.9299999999999784,-2.8283555235696145
2026-05-14 17:04,138.94,138.94,138.94,138.94,1,-0.009999999999990905,-0.00719683339329702
2026-05-14 17:05,139.0,139.0,139.0,139.0,2,0.05000000000001137,0.03598416696655171
2026-05-14 17:06,138.94,138.94,138.94,138.94,1,-0.009999999999990905,-0.00719683339329702
2026-05-14 17:07,138.94,138.94,138.94,138.94,1,-0.009999999999990905,-0.00719683339329702
2026-05-14 17:08,138.94,140.0,138.94,140.0,31,1.0500000000000114,0.7556675062972307
2026-05-14 17:09,138.94,138.94,138.94,138.94,1,-0.009999999999990905,-0.00719683339329702
2026-05-14 17:10,137.74,138.6,137.74,138.6,3,-0.3499999999999943,-0.25188916876573986
2026-05-14 17:11,138.68,138.68,138.68,138.68,1,-0.2699999999999818,-0.19431450161927488
2026-05-14 17:12,138.77,138.77,138.77,138.77,1,-0.1799999999999784,-0.1295430010795129
2026-05-14 17:13,138.86,138.86,138.86,138.86,1,-0.08999999999997499,-0.06477150053973979
2026-05-14 17:14,138.88,138.88,138.88,138.88,1,-0.06999999999999318,-0.05037783375314575
2026-05-14 17:15,138.88,138.88,138.88,138.88,2,-0.06999999999999318,-0.05037783375314575
2026-05-14 17:16,138.88,138.88,138.88,138.88,1,-0.06999999999999318,-0.05037783375314575
2026-05-14 17:17,138.88,138.88,138.88,138.88,1,-0.06999999999999318,-0.05037783375314575
2026-05-14 17:18,138.88,138.88,138.88,138.88,1,-0.06999999999999318,-0.05037783375314575
2026-05-14 17:19,138.88,138.88,138.88,138.88,1,-0.06999999999999318,-0.05037783375314575
2026-05-14 17:20,138.88,138.88,138.88,138.88,2,-0.06999999999999318,-0.05037783375314575
2026-05-14 17:21,139.99,140.0,139.99,140.0,21,1.0500000000000114,0.7556675062972307
2026-05-14 17:22,138.94,138.94,138.94,138.94,1,-0.009999999999990905,-0.00719683339329702
2026-05-14 17:23,138.94,138.94,138.94,138.94,1,-0.009999999999990905,-0.00719683339329702
2026-05-14 17:24,138.94,138.94,138.94,138.94,2,-0.009999999999990905,-0.00719683339329702
2026-05-14 17:25,138.94,138.94,138.94,138.94,1,-0.009999999999990905,-0.00719683339329702
2026-05-14 17:26,138.94,138.94,138.94,138.94,1,-0.009999999999990905,-0.00719683339329702
2026-05-14 17:27,138.94,138.94,138.94,138.94,1,-0.009999999999990905,-0.00719683339329702
2026-05-14 17:28,138.94,138.94,138.94,138.94,1,-0.009999999999990905,-0.00719683339329702
2026-05-14 17:29,138.94,138.94,138.94,138.94,2,-0.009999999999990905,-0.00719683339329702
2026-05-14 17:30,138.94,138.94,138.94,138.94,1,-0.009999999999990905,-0.00719683339329702
2026-05-14 17:31,138.94,138.94,138.94,138.94,1,-0.009999999999990905,-0.00719683339329702
2026-05-14 17:32,138.94,138.94,138.94,138.94,1,-0.009999999999990905,-0.00719683339329702
2026-05-14 17:33,138.94,138.94,138.94,138.94,1,-0.009999999999990905,-0.00719683339329702
2026-05-14 17:34,138.94,138.94,138.94,138.94,2,-0.009999999999990905,-0.00719683339329702
2026-05-14 17:35,138.94,138.94,138.94,138.94,1,-0.009999999999990905,-0.00719683339329702
2026-05-14 17:36,138.94,138.94,138.94,138.94,1,-0.009999999999990905,-0.00719683339329702
2026-05-14 17:37,138.94,138.94,138.13,138.13,3,-0.8199999999999932,-0.5901403382511661
2026-05-14 17:38,138.94,138.94,138.94,138.94,1,-0.009999999999990905,-0.00719683339329702
2026-05-14 17:39,138.94,138.94,138.94,138.94,1,-0.009999999999990905,-0.00719683339329702
2026-05-14 17:40,138.94,138.94,138.94,138.94,1,-0.009999999999990905,-0.00719683339329702
2026-05-14 17:41,138.94,138.94,138.94,138.94,2,-0.009999999999990905,-0.00719683339329702
2026-05-14 17:42,138.94,138.94,138.94,138.94,1,-0.009999999999990905,-0.00719683339329702
2026-05-14 17:43,138.94,138.94,138.94,138.94,1,-0.009999999999990905,-0.00719683339329702
2026-05-14 17:44,138.94,138.94,138.94,138.94,1,-0.009999999999990905,-0.00719683339329702
2026-05-14 17:45,138.94,138.94,138.94,138.94,1,-0.009999999999990905,-0.00719683339329702
2026-05-14 17:46,138.94,138.94,138.94,138.94,2,-0.009999999999990905,-0.00719683339329702
2026-05-14 17:47,140.0,140.0,140.0,140.0,3,1.0500000000000114,0.7556675062972307
2026-05-14 17:48,139.05,139.05,139.05,139.05,1,0.10000000000002274,0.07196833393308122
2026-05-14 17:49,139.05,139.05,139.05,139.05,2,0.10000000000002274,0.07196833393308122
2026-05-14 17:50,139.05,139.05,139.05,139.05,1,0.10000000000002274,0.07196833393308122
2026-05-14 17:51,139.05,139.05,139.05,139.05,1,0.10000000000002274,0.07196833393308122
2026-05-14 17:52,139.05,139.05,139.05,139.05,1,0.10000000000002274,0.07196833393308122
2026-05-14 17:53,139.04,139.04,139.04,139.04,1,0.09000000000000341,0.064771500539762
2026-05-14 17:54,139.04,139.04,139.04,139.04,2,0.09000000000000341,0.064771500539762
2026-05-14 17:55,139.04,139.04,139.04,139.04,1,0.09000000000000341,0.064771500539762
2026-05-14 17:56,139.04,139.04,139.04,139.04,1,0.09000000000000341,0.064771500539762
2026-05-14 17:57,139.04,140.0,139.04,140.0,101,1.0500000000000114,0.7556675062972307
2026-05-14 17:58,139.05,139.05,139.05,139.05,1,0.10000000000002274,0.07196833393308122
2026-05-14 17:59,139.05,139.05,139.05,139.05,1,0.10000000000002274,0.07196833393308122
2026-05-14 18:00,139.05,139.05,139.05,139.05,1,0.10000000000002274,0.07196833393308122
2026-05-14 18:01,139.05,139.05,139.05,139.05,1,0.10000000000002274,0.07196833393308122
2026-05-14 18:02,139.05,139.05,139.05,139.05,2,0.10000000000002274,0.07196833393308122
2026-05-14 18:03,139.05,139.05,139.05,139.05,1,0.10000000000002274,0.07196833393308122
2026-05-14 18:04,139.05,139.05,139.05,139.05,1,0.10000000000002274,0.07196833393308122
2026-05-14 18:05,139.04,139.04,139.04,139.04,1,0.09000000000000341,0.064771500539762
2026-05-14 18:06,139.04,139.04,139.04,139.04,1,0.09000000000000341,0.064771500539762
2026-05-14 18:07,139.04,139.04,139.04,139.04,2,0.09000000000000341,0.064771500539762
2026-05-14 18:08,139.04,139.04,139.04,139.04,1,0.09000000000000341,0.064771500539762
2026-05-14 18:09,139.04,139.04,139.04,139.04,1,0.09000000000000341,0.064771500539762
2026-05-14 18:10,139.04,139.04,139.04,139.04,1,0.09000000000000341,0.064771500539762
2026-05-14 18:11,139.04,139.04,139.04,139.04,1,0.09000000000000341,0.064771500539762
2026-05-14 18:12,139.04,139.04,139.04,139.04,2,0.09000000000000341,0.064771500539762
2026-05-14 18:13,139.04,139.04,139.04,139.04,1,0.09000000000000341,0.064771500539762
2026-05-14 18:14,139.04,139.04,139.04,139.04,1,0.09000000000000341,0.064771500539762
2026-05-14 18:15,139.04,139.04,139.04,139.04,1,0.09000000000000341,0.064771500539762
2026-05-14 18:16,140.0,140.0,135.5,135.5,79,-3.4499999999999886,-2.4829075206908913
2026-05-14 18:17,137.14,137.14,137.14,137.14,1,-1.8100000000000023,-1.3026268441885591
2026-05-14 18:18,139.0,139.0,138.94,138.94,2,-0.009999999999990905,-0.00719683339329702
2026-05-14 18:19,138.94,138.94,138.94,138.94,1,-0.009999999999990905,-0.00719683339329702
2026-05-14 18:20,138.94,138.94,138.94,138.94,1,-0.009999999999990905,-0.00719683339329702
2026-05-14 18:21,138.94,138.94,138.94,138.94,1,-0.009999999999990905,-0.00719683339329702
2026-05-14 18:22,138.94,138.94,138.94,138.94,1,-0.009999999999990905,-0.00719683339329702
2026-05-14 18:23,138.94,140.0,138.94,139.19,46,0.2400000000000091,0.17272400143937272
2026-05-14 18:24,139.19,139.19,139.19,139.19,1,0.2400000000000091,0.17272400143937272
2026-05-14 18:25,139.19,139.19,139.19,139.19,1,0.2400000000000091,0.17272400143937272
2026-05-14 18:26,139.19,139.19,139.19,139.19,1,0.2400000000000091,0.17272400143937272
2026-05-14 18:27,139.19,139.19,139.19,139.19,1,0.2400000000000091,0.17272400143937272
2026-05-14 18:28,139.19,139.19,139.19,139.19,2,0.2400000000000091,0.17272400143937272
2026-05-14 18:29,139.19,139.19,139.19,139.19,1,0.2400000000000091,0.17272400143937272
2026-05-14 18:30,139.19,139.19,139.19,139.19,1,0.2400000000000091,0.17272400143937272
2026-05-14 18:31,139.19,139.19,139.19,139.19,1,0.2400000000000091,0.17272400143937272
2026-05-14 18:32,139.19,139.19,139.19,139.19,1,0.2400000000000091,0.17272400143937272
2026-05-14 18:33,139.19,139.19,139.19,139.19,2,0.2400000000000091,0.17272400143937272
2026-05-14 18:34,138.5,138.5,138.5,138.5,38,-0.44999999999998863,-0.32385750269879887
2026-05-14 18:35,138.94,138.94,138.94,138.94,2,-0.009999999999990905,-0.00719683339329702
2026-05-14 18:36,138.94,138.94,138.94,138.94,1,-0.009999999999990905,-0.00719683339329702
2026-05-14 18:37,138.94,139.89,138.94,139.89,4,0.9399999999999977,0.6765023389708524
2026-05-14 18:38,139.36,139.36,139.36,139.36,1,0.410000000000025,0.2950701691255997
2026-05-14 18:39,139.36,139.36,139.36,139.36,1,0.410000000000025,0.2950701691255997
2026-05-14 18:40,139.36,139.36,139.36,139.36,1,0.410000000000025,0.2950701691255997
2026-05-14 18:41,139.36,139.36,139.36,139.36,1,0.410000000000025,0.2950701691255997
2026-05-14 18:42,139.36,139.36,139.35,139.35,2,0.4000000000000057,0.28787333573228047
2026-05-14 18:43,139.33,139.33,139.33,139.33,1,0.3800000000000239,0.2734796689456864
2026-05-14 18:44,139.3,139.3,139.3,139.3,1,0.35000000000002274,0.25188916876575096
2026-05-14 18:45,139.28,139.28,139.28,139.28,1,0.3300000000000125,0.23749550197913472
2026-05-14 18:46,139.26,139.26,139.26,139.26,1,0.3100000000000023,0.22310183519251847
2026-05-14 18:47,139.23,139.23,139.21,139.21,2,0.2600000000000193,0.18711766822598896
2026-05-14 18:48,139.2,139.2,139.2,139.2,1,0.25,0.17992083483266974
2026-05-14 18:49,139.17,139.17,139.17,139.17,1,0.21999999999999886,0.15833033465275648
2026-05-14 18:50,139.14,139.14,139.14,139.14,1,0.18999999999999773,0.136739834472821
2026-05-14 18:51,139.12,139.12,139.12,139.12,1,0.17000000000001592,0.12234616768622697
2026-05-14 18:52,139.1,139.1,139.0,139.0,2,0.05000000000001137,0.03598416696655171
2026-05-14 18:53,139.06,139.06,139.06,139.06,4,0.11000000000001364,0.07916516732637824
2026-05-14 18:54,138.97,139.0,138.97,139.0,3,0.05000000000001137,0.03598416696655171
2026-05-14 18:55,139.0,139.0,139.0,139.0,1,0.05000000000001137,0.03598416696655171
2026-05-14 18:56,139.0,139.0,138.99,138.99,2,0.040000000000020464,0.028787333573232488
2026-05-14 18:57,138.99,138.99,138.99,138.99,1,0.040000000000020464,0.028787333573232488
2026-05-14 18:58,138.99,138.99,138.99,138.99,1,0.040000000000020464,0.028787333573232488
2026-05-14 18:59,138.99,138.99,138.99,138.99,1,0.040000000000020464,0.028787333573232488
2026-05-14 19:00,138.99,138.99,138.99,138.99,1,0.040000000000020464,0.028787333573232488
2026-05-14 19:01,138.99,138.99,138.99,138.99,2,0.040000000000020464,0.028787333573232488
2026-05-14 19:02,138.99,139.11,138.99,139.11,2,0.160000000000025,0.11514933429292995
2026-05-14 19:03,139.08,139.08,139.08,139.08,1,0.13000000000002387,0.09355883411301669
2026-05-14 19:04,139.08,139.08,139.08,139.08,1,0.13000000000002387,0.09355883411301669
2026-05-14 19:05,139.08,139.08,139.08,139.08,1,0.13000000000002387,0.09355883411301669
2026-05-14 19:06,139.08,139.08,139.08,139.08,2,0.13000000000002387,0.09355883411301669
2026-05-14 19:07,139.08,139.08,139.08,139.08,1,0.13000000000002387,0.09355883411301669
2026-05-14 19:08,139.08,139.08,139.08,139.08,1,0.13000000000002387,0.09355883411301669
2026-05-14 19:09,139.08,139.08,139.08,139.08,1,0.13000000000002387,0.09355883411301669
2026-05-14 19:10,139.08,139.08,139.08,139.08,1,0.13000000000002387,0.09355883411301669
2026-05-14 19:11,139.08,139.08,139.08,139.08,2,0.13000000000002387,0.09355883411301669
2026-05-14 19:12,139.08,139.08,139.08,139.08,1,0.13000000000002387,0.09355883411301669
2026-05-14 19:13,139.0,139.0,139.0,139.0,4,0.05000000000001137,0.03598416696655171
2026-05-14 19:14,139.0,139.0,139.0,139.0,2,0.05000000000001137,0.03598416696655171
2026-05-14 19:15,139.0,139.0,139.0,139.0,1,0.05000000000001137,0.03598416696655171
2026-05-14 19:16,139.0,139.0,139.0,139.0,2,0.05000000000001137,0.03598416696655171
2026-05-14 19:17,139.0,139.99,139.0,139.99,2,1.0400000000000205,0.7484706729039337
2026-05-14 19:18,139.49,139.49,139.49,139.49,1,0.5400000000000205,0.3886290032385942
2026-05-14 19:19,139.48,139.48,139.48,139.48,1,0.5300000000000011,0.38143216984527495
2026-05-14 19:20,139.48,140.0,139.48,140.0,56,1.0500000000000114,0.7556675062972307
2026-05-14 19:21,139.5,139.5,139.5,139.5,1,0.5500000000000114,0.3958258366318912
2026-05-14 19:22,139.5,139.5,139.5,139.5,2,0.5500000000000114,0.3958258366318912
2026-05-14 19:23,139.5,139.5,139.5,139.5,1,0.5500000000000114,0.3958258366318912
2026-05-14 19:24,139.5,139.5,139.5,139.5,1,0.5500000000000114,0.3958258366318912
2026-05-14 19:25,139.0,139.0,138.89,138.89,262,-0.060000000000002274,-0.04318100035984873
2026-05-14 19:26,138.93,139.0,138.93,139.0,5,0.05000000000001137,0.03598416696655171
2026-05-14 19:27,139.0,139.0,138.9,138.9,4,-0.04999999999998295,-0.035984166966518405
2026-05-14 19:28,138.93,138.93,138.93,138.93,1,-0.01999999999998181,-0.014393666786605142
2026-05-14 19:29,138.93,138.93,138.8,138.8,6,-0.14999999999997726,-0.10795250089958852
2026-05-14 19:30,138.5,138.94,138.5,138.94,9,-0.009999999999990905,-0.00719683339329702
2026-05-14 19:31,138.5,138.5,137.5,137.5,162,-1.4499999999999886,-1.0435408420295
2026-05-14 19:32,138.94,138.94,138.93,138.93,2,-0.01999999999998181,-0.014393666786605142
2026-05-14 19:33,138.93,138.93,138.93,138.93,1,-0.01999999999998181,-0.014393666786605142
2026-05-14 19:34,138.93,138.93,138.93,138.93,1,-0.01999999999998181,-0.014393666786605142
2026-05-14 19:35,138.93,138.93,138.93,138.93,1,-0.01999999999998181,-0.014393666786605142
2026-05-14 19:36,138.2,138.2,138.2,138.2,1,-0.75,-0.5397625044980203
2026-05-14 19:37,138.91,138.91,138.8,138.8,9,-0.14999999999997726,-0.10795250089958852
2026-05-14 19:38,138.8,138.8,138.8,138.8,1,-0.14999999999997726,-0.10795250089958852
2026-05-14 19:39,138.8,140.11,138.8,140.0,140,1.0500000000000114,0.7556675062972307
2026-05-14 19:40,138.94,138.94,138.94,138.94,1,-0.009999999999990905,-0.00719683339329702
2026-05-14 19:41,138.93,138.93,138.93,138.93,2,-0.01999999999998181,-0.014393666786605142
2026-05-14 19:42,138.94,138.94,138.94,138.94,1,-0.009999999999990905,-0.00719683339329702
2026-05-14 19:43,138.92,138.92,138.92,138.92,19,-0.030000000000001137,-0.021590500179924366
2026-05-14 19:44,138.92,138.92,138.92,138.92,5,-0.030000000000001137,-0.021590500179924366
2026-05-14 19:45,138.92,138.92,138.92,138.92,5,-0.030000000000001137,-0.021590500179924366
2026-05-14 19:46,138.92,138.92,138.92,138.92,5,-0.030000000000001137,-0.021590500179924366
2026-05-14 19:47,138.92,138.94,138.92,138.94,4,-0.009999999999990905,-0.00719683339329702
2026-05-14 19:48,138.92,138.92,138.92,138.92,1,-0.030000000000001137,-0.021590500179924366
2026-05-14 19:49,138.92,138.92,138.92,138.92,5,-0.030000000000001137,-0.021590500179924366
2026-05-14 19:50,138.92,138.92,138.92,138.92,4,-0.030000000000001137,-0.021590500179924366
2026-05-14 19:51,138.92,138.92,138.92,138.92,6,-0.030000000000001137,-0.021590500179924366
2026-05-14 19:52,138.92,138.92,138.92,138.92,12,-0.030000000000001137,-0.021590500179924366
2026-05-14 19:53,138.91,138.91,138.91,138.91,1,-0.03999999999999204,-0.028787333573221385
2026-05-14 19:54,138.92,138.92,138.92,138.92,5,-0.030000000000001137,-0.021590500179924366
2026-05-14 19:55,138.92,138.92,138.92,138.92,8,-0.030000000000001137,-0.021590500179924366
2026-05-14 19:56,138.92,138.92,138.92,138.92,4,-0.030000000000001137,-0.021590500179924366
2026-05-14 19:57,138.92,138.92,138.92,138.92,8,-0.030000000000001137,-0.021590500179924366
2026-05-14 19:58,138.92,138.92,138.92,138.92,8,-0.030000000000001137,-0.021590500179924366
2026-05-14 19:59,138.92,138.92,138.92,138.92,8,-0.030000000000001137,-0.021590500179924366
2026-05-14 20:00,138.92,138.92,138.91,138.91,8,-0.03999999999999204,-0.028787333573221385
2026-05-14 20:01,138.91,138.92,138.91,138.91,12,-0.03999999999999204,-0.028787333573221385
2026-05-14 20:02,138.92,138.92,138.92,138.92,9,-0.030000000000001137,-0.021590500179924366
2026-05-14 20:03,138.92,138.92,138.92,138.92,16,-0.030000000000001137,-0.021590500179924366
2026-05-14 20:04,138.92,138.92,138.92,138.92,16,-0.030000000000001137,-0.021590500179924366
2026-05-14 20:05,138.92,138.92,138.91,138.91,16,-0.03999999999999204,-0.028787333573221385
2026-05-14 20:06,138.92,138.92,138.91,138.91,17,-0.03999999999999204,-0.028787333573221385
2026-05-14 20:07,138.92,138.92,138.91,138.91,93,-0.03999999999999204,-0.028787333573221385
2026-05-14 20:08,138.92,138.92,138.91,138.91,17,-0.03999999999999204,-0.028787333573221385
2026-05-14 20:09,138.92,138.92,138.91,138.91,17,-0.03999999999999204,-0.028787333573221385
2026-05-14 20:10,138.92,138.92,138.92,138.92,17,-0.030000000000001137,-0.021590500179924366
2026-05-14 20:11,138.92,138.92,138.92,138.92,17,-0.030000000000001137,-0.021590500179924366
2026-05-14 20:12,138.92,138.92,138.92,138.92,15,-0.030000000000001137,-0.021590500179924366
2026-05-14 20:13,138.92,140.11,138.92,140.11,116,1.160000000000025,0.8348326736236311
2026-05-14 20:14,138.91,138.91,138.91,138.91,1,-0.03999999999999204,-0.028787333573221385
2026-05-14 20:15,138.91,138.92,138.91,138.92,2,-0.030000000000001137,-0.021590500179924366
2026-05-14 20:16,138.92,138.92,138.92,138.92,18,-0.030000000000001137,-0.021590500179924366
2026-05-14 20:17,138.92,138.92,138.92,138.92,14,-0.030000000000001137,-0.021590500179924366
2026-05-14 20:18,138.92,138.92,138.91,138.91,16,-0.03999999999999204,-0.028787333573221385
2026-05-14 20:19,138.92,138.92,138.92,138.92,17,-0.030000000000001137,-0.021590500179924366
2026-05-14 20:20,138.92,138.92,138.92,138.92,16,-0.030000000000001137,-0.021590500179924366
2026-05-14 20:21,138.92,138.92,138.92,138.92,16,-0.030000000000001137,-0.021590500179924366
2026-05-14 20:22,138.92,138.92,138.92,138.92,22,-0.030000000000001137,-0.021590500179924366
2026-05-14 20:23,138.92,138.92,138.91,138.92,26,-0.030000000000001137,-0.021590500179924366
2026-05-14 20:24,138.92,138.92,138.92,138.92,1,-0.030000000000001137,-0.021590500179924366
2026-05-14 20:25,138.92,138.92,138.92,138.92,3,-0.030000000000001137,-0.021590500179924366
2026-05-14 20:26,138.92,138.92,138.92,138.92,1,-0.030000000000001137,-0.021590500179924366
2026-05-14 20:27,138.92,138.92,138.92,138.92,2,-0.030000000000001137,-0.021590500179924366
2026-05-14 20:28,138.92,138.92,138.92,138.92,1,-0.030000000000001137,-0.021590500179924366
2026-05-14 20:29,138.92,138.92,138.92,138.92,1,-0.030000000000001137,-0.021590500179924366
2026-05-14 20:30,138.92,138.92,138.92,138.92,2,-0.030000000000001137,-0.021590500179924366
2026-05-14 20:31,138.92,138.92,138.92,138.92,2,-0.030000000000001137,-0.021590500179924366
2026-05-14 20:32,138.92,138.92,138.92,138.92,1,-0.030000000000001137,-0.021590500179924366
2026-05-14 20:33,138.92,138.93,138.92,138.93,2,-0.01999999999998181,-0.014393666786605142
2026-05-14 20:34,138.92,138.92,138.92,138.92,1,-0.030000000000001137,-0.021590500179924366
2026-05-14 20:35,138.91,138.92,138.91,138.92,50,-0.030000000000001137,-0.021590500179924366
2026-05-14 20:36,138.92,138.92,138.92,138.92,4,-0.030000000000001137,-0.021590500179924366
2026-05-14 20:37,138.92,138.92,138.92,138.92,6,-0.030000000000001137,-0.021590500179924366
2026-05-14 20:38,138.91,138.92,138.91,138.92,3,-0.030000000000001137,-0.021590500179924366
2026-05-14 20:39,138.92,138.92,138.92,138.92,2,-0.030000000000001137,-0.021590500179924366
2026-05-14 20:40,138.91,138.92,138.91,138.92,4,-0.030000000000001137,-0.021590500179924366
2026-05-14 20:41,138.92,138.92,138.92,138.92,3,-0.030000000000001137,-0.021590500179924366
2026-05-14 20:42,138.92,138.92,138.92,138.92,3,-0.030000000000001137,-0.021590500179924366
2026-05-14 20:43,138.91,138.92,138.91,138.92,3,-0.030000000000001137,-0.021590500179924366
2026-05-14 20:44,138.92,138.92,138.91,138.92,53,-0.030000000000001137,-0.021590500179924366
2026-05-14 20:45,138.91,138.91,138.91,138.91,1,-0.03999999999999204,-0.028787333573221385
2026-05-14 20:46,138.92,138.92,138.92,138.92,3,-0.030000000000001137,-0.021590500179924366
2026-05-14 20:47,138.92,138.92,138.92,138.92,3,-0.030000000000001137,-0.021590500179924366
2026-05-14 20:48,138.92,138.92,138.92,138.92,3,-0.030000000000001137,-0.021590500179924366
2026-05-14 20:49,138.92,138.92,138.92,138.92,4,-0.030000000000001137,-0.021590500179924366
2026-05-14 20:50,138.92,138.92,138.92,138.92,3,-0.030000000000001137,-0.021590500179924366
2026-05-14 20:51,138.91,138.91,138.91,138.91,1,-0.03999999999999204,-0.028787333573221385
2026-05-14 20:52,138.92,138.92,138.92,138.92,3,-0.030000000000001137,-0.021590500179924366
2026-05-14 20:53,138.92,138.92,138.92,138.92,1,-0.030000000000001137,-0.021590500179924366
2026-05-14 20:54,138.92,138.92,138.91,138.91,2,-0.03999999999999204,-0.028787333573221385
2026-05-14 20:55,138.92,138.92,138.92,138.92,2,-0.030000000000001137,-0.021590500179924366
2026-05-14 20:56,138.91,138.91,138.91,138.91,1,-0.03999999999999204,-0.028787333573221385
2026-05-14 20:57,138.92,138.92,138.92,138.92,2,-0.030000000000001137,-0.021590500179924366
2026-05-14 20:58,138.92,138.92,138.92,138.92,2,-0.030000000000001137,-0.021590500179924366
2026-05-14 20:59,138.91,138.92,138.91,138.92,2,-0.030000000000001137,-0.021590500179924366
2026-05-14 21:00,138.91,138.92,138.91,138.92,2,-0.030000000000001137,-0.021590500179924366
2026-05-14 21:01,138.91,138.92,138.91,138.92,4,-0.030000000000001137,-0.021590500179924366
2026-05-14 21:02,138.91,138.92,138.91,138.92,2,-0.030000000000001137,-0.021590500179924366
2026-05-14 21:03,138.91,138.92,138.91,138.92,2,-0.030000000000001137,-0.021590500179924366
2026-05-14 21:04,138.91,138.92,138.91,138.92,3,-0.030000000000001137,-0.021590500179924366
2026-05-14 21:05,138.91,138.92,138.91,138.92,4,-0.030000000000001137,-0.021590500179924366
2026-05-14 21:06,138.92,138.92,138.92,138.92,2,-0.030000000000001137,-0.021590500179924366
2026-05-14 21:07,138.91,138.92,138.91,138.92,3,-0.030000000000001137,-0.021590500179924366
2026-05-14 21:08,138.91,138.91,138.91,138.91,1,-0.03999999999999204,-0.028787333573221385
2026-05-14 21:09,138.92,138.92,138.92,138.92,2,-0.030000000000001137,-0.021590500179924366
2026-05-14 21:10,138.92,138.92,138.92,138.92,1,-0.030000000000001137,-0.021590500179924366
2026-05-14 21:11,138.92,138.92,138.92,138.92,1,-0.030000000000001137,-0.021590500179924366
2026-05-14 21:12,138.92,138.92,138.92,138.92,2,-0.030000000000001137,-0.021590500179924366
2026-05-14 21:13,138.91,138.92,138.91,138.92,3,-0.030000000000001137,-0.021590500179924366
2026-05-14 21:14,138.91,138.92,138.91,138.92,2,-0.030000000000001137,-0.021590500179924366
2026-05-14 21:15,138.91,138.91,138.91,138.91,1,-0.03999999999999204,-0.028787333573221385
2026-05-14 21:16,138.91,138.92,138.91,138.92,2,-0.030000000000001137,-0.021590500179924366
2026-05-14 21:17,138.91,138.92,138.91,138.92,2,-0.030000000000001137,-0.021590500179924366
2026-05-14 21:18,138.91,138.91,138.91,138.91,1,-0.03999999999999204,-0.028787333573221385
2026-05-14 21:19,138.91,138.92,138.91,138.92,3,-0.030000000000001137,-0.021590500179924366
2026-05-14 21:20,138.91,138.91,138.91,138.91,1,-0.03999999999999204,-0.028787333573221385
2026-05-14 21:21,138.91,138.91,138.91,138.91,1,-0.03999999999999204,-0.028787333573221385
2026-05-14 21:22,138.92,138.92,138.92,138.92,1,-0.030000000000001137,-0.021590500179924366
2026-05-14 21:23,138.92,138.92,138.92,138.92,3,-0.030000000000001137,-0.021590500179924366
2026-05-14 21:24,138.92,138.92,138.92,138.92,2,-0.030000000000001137,-0.021590500179924366
2026-05-14 21:25,138.92,138.92,138.92,138.92,3,-0.030000000000001137,-0.021590500179924366
2026-05-14 21:26,138.92,138.92,138.92,138.92,2,-0.030000000000001137,-0.021590500179924366
2026-05-14 21:27,138.91,138.91,138.91,138.91,1,-0.03999999999999204,-0.028787333573221385
2026-05-14 21:28,138.91,138.92,138.91,138.92,2,-0.030000000000001137,-0.021590500179924366
2026-05-14 21:29,138.91,138.92,138.91,138.92,2,-0.030000000000001137,-0.021590500179924366
2026-05-14 21:30,138.92,138.92,138.92,138.92,15,-0.030000000000001137,-0.021590500179924366
2026-05-14 21:31,138.92,138.92,138.92,138.92,35,-0.030000000000001137,-0.021590500179924366
2026-05-14 21:32,138.92,138.92,138.92,138.92,49,-0.030000000000001137,-0.021590500179924366
2026-05-14 21:33,138.91,138.91,138.91,138.91,1,-0.03999999999999204,-0.028787333573221385
2026-05-14 21:34,138.92,143.78,138.92,140.0,1654,1.0500000000000114,0.7556675062972307
2026-05-14 21:35,140.11,140.11,140.0,140.0,10,1.0500000000000114,0.7556675062972307
2026-05-14 21:36,140.11,140.54,140.11,140.15,9,1.200000000000017,0.8636200071968414
2026-05-14 21:37,140.15,140.15,140.15,140.15,1,1.200000000000017,0.8636200071968414
2026-05-14 21:38,140.15,140.9,140.15,140.5,3,1.5500000000000114,1.1155091759625924
2026-05-14 21:39,140.4,140.97,140.4,140.97,9,2.0200000000000102,1.4537603454480186
2026-05-14 21:40,140.25,140.25,140.01,140.01,10,1.0600000000000023,0.7628643396905277
2026-05-14 21:41,140.01,140.01,140.01,140.01,11,1.0600000000000023,0.7628643396905277
2026-05-14 21:42,140.01,140.01,140.01,140.01,11,1.0600000000000023,0.7628643396905277
2026-05-14 21:43,140.01,141.0,140.0,141.0,1127,2.0500000000000114,1.4753508456279318
2026-05-14 21:44,140.79,141.0,140.17,140.17,24,1.2199999999999989,0.8780136739834354
2026-05-14 21:45,141.0,141.0,140.21,140.21,10,1.2600000000000193,0.9068010075566901
2026-05-14 21:46,141.0,141.0,140.31,140.31,9,1.3600000000000136,0.9787693414897491
2026-05-14 21:47,140.01,140.01,140.01,140.01,17,1.0600000000000023,0.7628643396905277
2026-05-14 21:48,140.01,140.01,140.01,140.01,9,1.0600000000000023,0.7628643396905277
2026-05-14 21:49,140.0,140.01,140.0,140.01,10,1.0600000000000023,0.7628643396905277
2026-05-14 21:50,140.0,140.01,140.0,140.01,11,1.0600000000000023,0.7628643396905277
2026-05-14 21:51,140.0,140.01,140.0,140.01,6,1.0600000000000023,0.7628643396905277
2026-05-14 21:52,140.0,140.01,140.0,140.01,7,1.0600000000000023,0.7628643396905277
2026-05-14 21:53,140.01,140.01,140.01,140.01,9,1.0600000000000023,0.7628643396905277
2026-05-14 21:54,140.01,140.01,140.01,140.01,6,1.0600000000000023,0.7628643396905277
2026-05-14 21:55,140.01,140.01,140.01,140.01,6,1.0600000000000023,0.7628643396905277
2026-05-14 21:56,140.01,140.01,140.01,140.01,147,1.0600000000000023,0.7628643396905277
2026-05-14 21:57,140.01,140.01,140.01,140.01,5,1.0600000000000023,0.7628643396905277
2026-05-14 21:58,140.01,140.01,140.01,140.01,5,1.0600000000000023,0.7628643396905277
2026-05-14 21:59,140.01,140.01,140.01,140.01,7,1.0600000000000023,0.7628643396905277
2026-05-14 22:00,140.01,140.01,140.01,140.01,4,1.0600000000000023,0.7628643396905277
2026-05-14 22:01,140.01,140.01,140.01,140.01,7,1.0600000000000023,0.7628643396905277
2026-05-14 22:02,140.01,140.01,140.01,140.01,8,1.0600000000000023,0.7628643396905277
2026-05-14 22:03,140.01,140.01,140.01,140.01,3,1.0600000000000023,0.7628643396905277
2026-05-14 22:04,140.01,140.01,140.01,140.01,3,1.0600000000000023,0.7628643396905277
2026-05-14 22:05,140.01,140.01,140.01,140.01,5,1.0600000000000023,0.7628643396905277
2026-05-14 22:06,140.01,140.01,140.01,140.01,4,1.0600000000000023,0.7628643396905277
2026-05-14 22:07,140.0,140.01,140.0,140.01,3,1.0600000000000023,0.7628643396905277
2026-05-14 22:08,140.0,140.01,140.0,140.01,2,1.0600000000000023,0.7628643396905277
2026-05-14 22:09,140.0,140.01,140.0,140.01,2,1.0600000000000023,0.7628643396905277
2026-05-14 22:10,140.0,140.01,140.0,140.01,4,1.0600000000000023,0.7628643396905277
2026-05-14 22:11,140.01,140.01,140.01,140.01,5,1.0600000000000023,0.7628643396905277
2026-05-14 22:12,140.0,140.01,140.0,140.01,5,1.0600000000000023,0.7628643396905277
2026-05-14 22:13,140.0,140.01,140.0,140.01,6,1.0600000000000023,0.7628643396905277
2026-05-14 22:14,140.01,140.01,140.01,140.01,8,1.0600000000000023,0.7628643396905277
2026-05-14 22:15,140.01,140.01,140.01,140.01,5,1.0600000000000023,0.7628643396905277
2026-05-14 22:16,140.01,140.01,140.01,140.01,5,1.0600000000000023,0.7628643396905277
2026-05-14 22:17,140.0,140.01,140.0,140.01,7,1.0600000000000023,0.7628643396905277
2026-05-14 22:18,140.01,140.01,140.01,140.01,5,1.0600000000000023,0.7628643396905277
2026-05-14 22:19,140.0,140.0,140.0,140.0,1,1.0500000000000114,0.7556675062972307
2026-05-14 22:20,140.0,140.0,140.0,140.0,2,1.0500000000000114,0.7556675062972307
2026-05-14 22:21,140.0,140.0,140.0,140.0,1,1.0500000000000114,0.7556675062972307
2026-05-14 22:22,140.0,140.0,140.0,140.0,1,1.0500000000000114,0.7556675062972307
2026-05-14 22:23,140.0,140.0,140.0,140.0,1,1.0500000000000114,0.7556675062972307
2026-05-14 22:24,140.0,140.01,140.0,140.01,5,1.0600000000000023,0.7628643396905277
2026-05-14 22:25,140.01,140.01,140.01,140.01,8,1.0600000000000023,0.7628643396905277
2026-05-14 22:26,140.0,140.01,140.0,140.01,9,1.0600000000000023,0.7628643396905277
2026-05-14 22:27,140.0,140.01,140.0,140.01,4,1.0600000000000023,0.7628643396905277
2026-05-14 22:28,140.01,140.01,140.01,140.01,5,1.0600000000000023,0.7628643396905277
2026-05-14 22:29,140.01,140.01,140.01,140.01,4,1.0600000000000023,0.7628643396905277
2026-05-14 22:30,140.01,140.01,140.01,140.01,3,1.0600000000000023,0.7628643396905277
2026-05-14 22:31,140.0,140.01,140.0,140.01,6,1.0600000000000023,0.7628643396905277
2026-05-14 22:32,140.01,140.01,140.01,140.01,5,1.0600000000000023,0.7628643396905277
2026-05-14 22:33,140.01,140.01,140.01,140.01,3,1.0600000000000023,0.7628643396905277
2026-05-14 22:34,140.0,140.01,140.0,140.01,4,1.0600000000000023,0.7628643396905277
2026-05-14 22:35,140.01,140.01,140.01,140.01,6,1.0600000000000023,0.7628643396905277
2026-05-14 22:36,140.0,140.01,140.0,140.01,6,1.0600000000000023,0.7628643396905277
2026-05-14 22:37,140.0,140.01,140.0,140.01,7,1.0600000000000023,0.7628643396905277
2026-05-14 22:38,140.01,140.01,140.01,140.01,7,1.0600000000000023,0.7628643396905277
2026-05-14 22:39,140.01,140.01,140.01,140.01,4,1.0600000000000023,0.7628643396905277
2026-05-14 22:40,140.01,140.01,140.01,140.01,5,1.0600000000000023,0.7628643396905277
2026-05-14 22:41,140.0,140.01,140.0,140.01,7,1.0600000000000023,0.7628643396905277
2026-05-14 22:42,140.01,140.01,140.01,140.01,5,1.0600000000000023,0.7628643396905277
2026-05-14 22:43,140.8,140.81,140.8,140.81,13,1.8600000000000136,1.3386110111551108
2026-05-14 22:44,140.8,140.81,140.8,140.81,11,1.8600000000000136,1.3386110111551108
2026-05-14 22:45,140.8,140.81,140.8,140.81,9,1.8600000000000136,1.3386110111551108
2026-05-14 22:46,140.8,140.81,140.8,140.81,12,1.8600000000000136,1.3386110111551108
2026-05-14 22:47,140.8,140.81,140.8,140.81,8,1.8600000000000136,1.3386110111551108
2026-05-14 22:48,140.81,140.81,140.81,140.81,7,1.8600000000000136,1.3386110111551108
2026-05-14 22:49,140.8,140.81,140.8,140.81,13,1.8600000000000136,1.3386110111551108
2026-05-14 22:50,140.8,140.81,140.8,140.81,26,1.8600000000000136,1.3386110111551108
2026-05-14 22:51,140.8,140.81,140.8,140.81,8,1.8600000000000136,1.3386110111551108
2026-05-14 22:52,140.81,140.81,140.81,140.81,97,1.8600000000000136,1.3386110111551108
2026-05-14 22:53,140.8,140.81,140.8,140.81,6,1.8600000000000136,1.3386110111551108
2026-05-14 22:54,140.81,140.81,140.81,140.81,5,1.8600000000000136,1.3386110111551108
2026-05-14 22:55,140.8,140.81,140.8,140.81,10,1.8600000000000136,1.3386110111551108
2026-05-14 22:56,140.81,140.81,140.81,140.81,4,1.8600000000000136,1.3386110111551108
2026-05-14 22:57,140.81,140.81,140.81,140.81,2,1.8600000000000136,1.3386110111551108
2026-05-14 22:58,140.81,140.81,140.81,140.81,2,1.8600000000000136,1.3386110111551108
2026-05-14 22:59,140.81,140.81,140.81,140.81,1,1.8600000000000136,1.3386110111551108
2026-05-14 23:00,140.81,140.81,140.81,140.81,3,1.8600000000000136,1.3386110111551108
2026-05-14 23:01,140.81,140.81,140.81,140.81,1,1.8600000000000136,1.3386110111551108
2026-05-14 23:02,140.8,140.8,140.77,140.77,152,1.8200000000000216,1.3098236775818783
2026-05-14 23:03,140.01,140.01,140.01,140.01,24,1.0600000000000023,0.7628643396905277
2026-05-14 23:04,140.01,140.01,140.01,140.01,2,1.0600000000000023,0.7628643396905277
2026-05-14 23:05,140.0,140.0,140.0,140.0,1,1.0500000000000114,0.7556675062972307
2026-05-14 23:06,140.01,140.01,140.0,140.0,2,1.0500000000000114,0.7556675062972307
2026-05-14 23:07,140.0,140.0,140.0,140.0,1,1.0500000000000114,0.7556675062972307
2026-05-14 23:08,140.01,140.01,140.0,140.0,2,1.0500000000000114,0.7556675062972307
2026-05-14 23:09,139.97,139.97,139.97,139.97,1,1.0200000000000102,0.7340770061173174
2026-05-14 23:10,139.89,139.89,139.89,139.89,1,0.9399999999999977,0.6765023389708524
2026-05-14 23:11,139.79,139.79,139.79,139.79,1,0.8400000000000034,0.6045340050377934
2026-05-14 23:12,140.0,140.0,139.64,139.64,2,0.6899999999999977,0.4965815041381827
2026-05-14 23:13,139.54,139.54,139.54,139.54,1,0.5900000000000034,0.4246131702051015
2026-05-14 23:14,140.0,140.0,139.43,139.43,2,0.4800000000000182,0.34544800287874544
2026-05-14 23:15,139.4,139.4,139.4,139.4,1,0.45000000000001705,0.3238575026988322
2026-05-14 23:16,140.0,140.0,139.36,139.36,2,0.410000000000025,0.2950701691255997
2026-05-14 23:17,139.32,139.32,139.32,139.32,1,0.37000000000000455,0.2662828355523672
2026-05-14 23:18,140.0,140.0,139.99,139.99,2,1.0400000000000205,0.7484706729039337
2026-05-14 23:19,140.0,140.0,140.0,140.0,1,1.0500000000000114,0.7556675062972307
2026-05-14 23:20,140.0,140.0,140.0,140.0,9,1.0500000000000114,0.7556675062972307
2026-05-14 23:21,140.0,140.0,140.0,140.0,129,1.0500000000000114,0.7556675062972307
2026-05-14 23:22,140.0,140.0,140.0,140.0,8,1.0500000000000114,0.7556675062972307
2026-05-14 23:23,140.0,140.0,140.0,140.0,7,1.0500000000000114,0.7556675062972307
2026-05-14 23:24,139.99,140.0,139.99,140.0,7,1.0500000000000114,0.7556675062972307
2026-05-14 23:25,139.99,140.0,139.99,140.0,9,1.0500000000000114,0.7556675062972307
2026-05-14 23:26,139.99,140.0,139.99,140.0,9,1.0500000000000114,0.7556675062972307
2026-05-14 23:27,139.99,140.0,139.99,140.0,8,1.0500000000000114,0.7556675062972307
2026-05-14 23:28,140.0,140.0,140.0,140.0,8,1.0500000000000114,0.7556675062972307
2026-05-14 23:29,139.99,140.0,139.99,140.0,8,1.0500000000000114,0.7556675062972307
2026-05-14 23:30,139.99,140.0,139.99,140.0,7,1.0500000000000114,0.7556675062972307
2026-05-14 23:31,139.99,140.0,139.99,140.0,8,1.0500000000000114,0.7556675062972307
2026-05-14 23:32,139.99,140.0,139.99,140.0,6,1.0500000000000114,0.7556675062972307
2026-05-14 23:33,139.99,140.0,139.99,140.0,5,1.0500000000000114,0.7556675062972307
2026-05-14 23:34,139.99,140.0,139.99,140.0,6,1.0500000000000114,0.7556675062972307
2026-05-14 23:35,139.99,140.0,139.99,140.0,5,1.0500000000000114,0.7556675062972307
2026-05-14 23:36,140.0,140.0,140.0,140.0,4,1.0500000000000114,0.7556675062972307
2026-05-14 23:37,140.0,140.0,140.0,140.0,7,1.0500000000000114,0.7556675062972307
2026-05-14 23:38,140.0,140.0,140.0,140.0,6,1.0500000000000114,0.7556675062972307
2026-05-14 23:39,140.0,140.0,140.0,140.0,3,1.0500000000000114,0.7556675062972307
2026-05-14 23:40,140.0,140.0,140.0,140.0,4,1.0500000000000114,0.7556675062972307
2026-05-14 23:41,140.0,140.0,140.0,140.0,4,1.0500000000000114,0.7556675062972307
2026-05-14 23:42,140.0,140.0,140.0,140.0,3,1.0500000000000114,0.7556675062972307
2026-05-14 23:43,140.0,140.0,140.0,140.0,6,1.0500000000000114,0.7556675062972307
2026-05-14 23:44,140.0,140.0,140.0,140.0,5,1.0500000000000114,0.7556675062972307
2026-05-14 23:45,140.0,140.0,140.0,140.0,1,1.0500000000000114,0.7556675062972307
2026-05-14 23:46,140.0,140.0,140.0,140.0,2,1.0500000000000114,0.7556675062972307
2026-05-14 23:47,140.0,140.0,140.0,140.0,1,1.0500000000000114,0.7556675062972307
2026-05-14 23:48,140.0,140.0,140.0,140.0,1,1.0500000000000114,0.7556675062972307
2026-05-14 23:49,140.0,140.0,140.0,140.0,1,1.0500000000000114,0.7556675062972307
2026-05-14 23:50,140.0,140.0,140.0,140.0,1,1.0500000000000114,0.7556675062972307
2026-05-14 23:51,140.0,140.0,139.99,139.99,2,1.0400000000000205,0.7484706729039337
2026-05-14 23:52,140.0,140.0,140.0,140.0,2,1.0500000000000114,0.7556675062972307
2026-05-14 23:53,139.99,139.99,139.99,139.99,1,1.0400000000000205,0.7484706729039337
2026-05-14 23:54,139.99,139.99,139.99,139.99,2,1.0400000000000205,0.7484706729039337
2026-05-14 23:55,139.99,139.99,139.99,139.99,1,1.0400000000000205,0.7484706729039337
2026-05-14 23:56,139.99,139.99,139.99,139.99,1,1.0400000000000205,0.7484706729039337
2026-05-14 23:57,139.99,139.99,139.99,139.99,1,1.0400000000000205,0.7484706729039337
2026-05-14 23:58,139.99,139.99,139.99,139.99,1,1.0400000000000205,0.7484706729039337
2026-05-14 23:59,139.99,140.0,139.99,140.0,2,1.0500000000000114,0.7556675062972307
2026-05-15 00:00,139.99,139.99,139.99,139.99,1,1.0400000000000205,0.7484706729039337
2026-05-15 00:01,140.0,140.0,140.0,140.0,1,1.0500000000000114,0.7556675062972307
2026-05-15 00:02,140.0,140.0,140.0,140.0,1,1.0500000000000114,0.7556675062972307
2026-05-15 00:03,140.0,140.0,140.0,140.0,108,1.0500000000000114,0.7556675062972307
2026-05-15 00:04,140.0,140.0,140.0,140.0,2,1.0500000000000114,0.7556675062972307
2026-05-15 00:05,140.0,140.0,140.0,140.0,1,1.0500000000000114,0.7556675062972307
2026-05-15 00:06,140.0,140.0,140.0,140.0,1,1.0500000000000114,0.7556675062972307
2026-05-15 00:07,140.0,140.0,140.0,140.0,1,1.0500000000000114,0.7556675062972307
2026-05-15 00:08,140.0,140.0,140.0,140.0,2,1.0500000000000114,0.7556675062972307
2026-05-15 00:09,139.99,139.99,139.99,139.99,1,1.0400000000000205,0.7484706729039337
2026-05-15 00:10,140.0,140.0,140.0,140.0,2,1.0500000000000114,0.7556675062972307
2026-05-15 00:11,140.0,140.0,140.0,140.0,1,1.0500000000000114,0.7556675062972307
2026-05-15 00:12,140.0,140.0,140.0,140.0,1,1.0500000000000114,0.7556675062972307
2026-05-15 00:13,140.0,140.0,140.0,140.0,1,1.0500000000000114,0.7556675062972307
2026-05-15 00:14,140.0,140.0,140.0,140.0,1,1.0500000000000114,0.7556675062972307
2026-05-15 00:15,140.0,140.0,140.0,140.0,2,1.0500000000000114,0.7556675062972307
2026-05-15 00:16,140.0,140.0,140.0,140.0,2,1.0500000000000114,0.7556675062972307
2026-05-15 00:17,140.0,140.0,140.0,140.0,1,1.0500000000000114,0.7556675062972307
2026-05-15 00:18,140.0,140.0,140.0,140.0,1,1.0500000000000114,0.7556675062972307
2026-05-15 00:19,139.99,139.99,139.99,139.99,1,1.0400000000000205,0.7484706729039337
2026-05-15 00:20,140.0,140.0,140.0,140.0,1,1.0500000000000114,0.7556675062972307
2026-05-15 00:21,140.0,140.2,140.0,140.2,270,1.25,0.8996041741633709
2026-05-15 00:22,139.99,139.99,139.99,139.99,1,1.0400000000000205,0.7484706729039337
2026-05-15 00:23,139.99,139.99,139.99,139.99,1,1.0400000000000205,0.7484706729039337
2026-05-15 00:24,139.99,139.99,139.99,139.99,1,1.0400000000000205,0.7484706729039337
2026-05-15 00:25,139.99,139.99,139.99,139.99,1,1.0400000000000205,0.7484706729039337
2026-05-15 00:26,139.99,139.99,139.99,139.99,2,1.0400000000000205,0.7484706729039337
2026-05-15 00:27,139.99,139.99,139.99,139.99,1,1.0400000000000205,0.7484706729039337
2026-05-15 00:28,139.99,140.2,139.99,140.2,39,1.25,0.8996041741633709
2026-05-15 00:29,140.08,140.08,140.08,140.08,1,1.1300000000000239,0.8132421734436956
2026-05-15 00:30,140.08,140.08,140.08,140.08,1,1.1300000000000239,0.8132421734436956
2026-05-15 00:31,140.07,140.07,140.07,140.07,1,1.1200000000000045,0.8060453400503764
2026-05-15 00:32,140.07,140.07,140.07,140.07,2,1.1200000000000045,0.8060453400503764
2026-05-15 00:33,140.07,140.07,140.07,140.07,1,1.1200000000000045,0.8060453400503764
2026-05-15 00:34,140.07,140.07,140.07,140.07,1,1.1200000000000045,0.8060453400503764
2026-05-15 00:35,140.07,140.07,140.07,140.07,7,1.1200000000000045,0.8060453400503764
2026-05-15 00:36,140.07,140.07,140.07,140.07,8,1.1200000000000045,0.8060453400503764
2026-05-15 00:37,140.06,140.06,140.06,140.06,1,1.1100000000000136,0.7988485066570794
2026-05-15 00:38,140.06,140.06,140.06,140.06,1,1.1100000000000136,0.7988485066570794
2026-05-15 00:39,140.04,140.04,139.99,139.99,63,1.0400000000000205,0.7484706729039337
2026-05-15 00:40,139.99,139.99,139.99,139.99,1,1.0400000000000205,0.7484706729039337
2026-05-15 00:41,139.99,139.99,139.99,139.99,1,1.0400000000000205,0.7484706729039337
2026-05-15 00:42,139.99,139.99,139.99,139.99,1,1.0400000000000205,0.7484706729039337
2026-05-15 00:43,139.99,139.99,139.99,139.99,1,1.0400000000000205,0.7484706729039337
2026-05-15 00:44,139.99,139.99,139.99,139.99,2,1.0400000000000205,0.7484706729039337
2026-05-15 00:45,139.99,139.99,139.99,139.99,1,1.0400000000000205,0.7484706729039337
2026-05-15 00:46,139.99,139.99,139.99,139.99,1,1.0400000000000205,0.7484706729039337
2026-05-15 00:47,139.99,139.99,139.99,139.99,1,1.0400000000000205,0.7484706729039337
2026-05-15 00:48,139.99,139.99,139.99,139.99,1,1.0400000000000205,0.7484706729039337
2026-05-15 00:49,139.99,139.99,139.99,139.99,2,1.0400000000000205,0.7484706729039337
2026-05-15 00:50,139.99,139.99,139.99,139.99,1,1.0400000000000205,0.7484706729039337
2026-05-15 00:51,139.99,139.99,139.99,139.99,1,1.0400000000000205,0.7484706729039337
2026-05-15 00:52,139.99,139.99,139.99,139.99,1,1.0400000000000205,0.7484706729039337
2026-05-15 00:53,139.99,139.99,139.99,139.99,1,1.0400000000000205,0.7484706729039337
2026-05-15 00:54,139.99,139.99,139.99,139.99,2,1.0400000000000205,0.7484706729039337
2026-05-15 00:55,139.99,139.99,139.99,139.99,1,1.0400000000000205,0.7484706729039337
2026-05-15 00:56,139.99,139.99,139.99,139.99,1,1.0400000000000205,0.7484706729039337
2026-05-15 00:57,139.99,139.99,139.99,139.99,1,1.0400000000000205,0.7484706729039337
2026-05-15 00:58,139.99,139.99,139.99,139.99,1,1.0400000000000205,0.7484706729039337
2026-05-15 00:59,139.99,140.2,139.99,140.08,121,1.1300000000000239,0.8132421734436956
2026-05-15 01:00,140.08,140.08,140.08,140.08,1,1.1300000000000239,0.8132421734436956
2026-05-15 01:01,140.08,140.08,140.08,140.08,1,1.1300000000000239,0.8132421734436956
2026-05-15 01:02,140.08,140.08,140.08,140.08,1,1.1300000000000239,0.8132421734436956
2026-05-15 01:03,140.08,140.08,140.08,140.08,1,1.1300000000000239,0.8132421734436956
2026-05-15 01:04,140.08,140.08,140.08,140.08,2,1.1300000000000239,0.8132421734436956
2026-05-15 01:05,140.08,140.08,140.08,140.08,1,1.1300000000000239,0.8132421734436956
2026-05-15 01:06,140.2,140.2,140.09,140.09,161,1.1400000000000148,0.8204390068369927
2026-05-15 01:07,140.09,140.09,140.09,140.09,1,1.1400000000000148,0.8204390068369927
2026-05-15 01:08,140.09,140.09,140.09,140.09,1,1.1400000000000148,0.8204390068369927
2026-05-15 01:09,140.08,140.08,140.08,140.08,1,1.1300000000000239,0.8132421734436956
2026-05-15 01:10,140.08,140.08,140.08,140.08,1,1.1300000000000239,0.8132421734436956
2026-05-15 01:11,140.08,140.2,139.99,140.2,7,1.25,0.8996041741633709
2026-05-15 01:12,140.08,140.08,140.08,140.08,1,1.1300000000000239,0.8132421734436956
2026-05-15 01:13,140.08,140.08,140.08,140.08,1,1.1300000000000239,0.8132421734436956
2026-05-15 01:14,140.08,140.08,140.08,140.08,1,1.1300000000000239,0.8132421734436956
2026-05-15 01:15,140.08,140.08,140.08,140.08,1,1.1300000000000239,0.8132421734436956
2026-05-15 01:16,140.08,140.08,140.08,140.08,2,1.1300000000000239,0.8132421734436956
2026-05-15 01:17,140.08,140.08,140.08,140.08,1,1.1300000000000239,0.8132421734436956
2026-05-15 01:18,140.08,140.08,140.08,140.08,1,1.1300000000000239,0.8132421734436956
2026-05-15 01:19,140.08,140.08,140.08,140.08,1,1.1300000000000239,0.8132421734436956
2026-05-15 01:20,140.08,140.08,140.08,140.08,1,1.1300000000000239,0.8132421734436956
2026-05-15 01:21,140.08,140.08,140.08,140.08,2,1.1300000000000239,0.8132421734436956
2026-05-15 01:22,140.08,140.08,140.08,140.08,1,1.1300000000000239,0.8132421734436956
2026-05-15 01:23,140.08,140.08,140.08,140.08,1,1.1300000000000239,0.8132421734436956
2026-05-15 01:24,140.08,140.08,140.08,140.08,1,1.1300000000000239,0.8132421734436956
2026-05-15 01:25,140.08,140.08,140.08,140.08,1,1.1300000000000239,0.8132421734436956
2026-05-15 01:26,140.08,140.2,140.08,140.2,56,1.25,0.8996041741633709
2026-05-15 01:27,139.99,139.99,139.99,139.99,2,1.0400000000000205,0.7484706729039337
2026-05-15 01:28,139.99,139.99,139.99,139.99,1,1.0400000000000205,0.7484706729039337
2026-05-15 01:29,139.99,139.99,139.99,139.99,1,1.0400000000000205,0.7484706729039337
2026-05-15 01:30,139.99,139.99,139.99,139.99,1,1.0400000000000205,0.7484706729039337
2026-05-15 01:31,139.99,139.99,139.99,139.99,1,1.0400000000000205,0.7484706729039337
2026-05-15 01:32,139.99,139.99,139.99,139.99,2,1.0400000000000205,0.7484706729039337
2026-05-15 01:33,139.99,139.99,139.99,139.99,1,1.0400000000000205,0.7484706729039337
2026-05-15 01:34,139.99,139.99,139.99,139.99,1,1.0400000000000205,0.7484706729039337
2026-05-15 01:35,139.99,139.99,139.99,139.99,1,1.0400000000000205,0.7484706729039337
2026-05-15 01:36,139.99,139.99,139.99,139.99,1,1.0400000000000205,0.7484706729039337
2026-05-15 01:37,139.99,140.2,139.99,140.2,2,1.25,0.8996041741633709
2026-05-15 01:38,140.09,140.09,140.09,140.09,1,1.1400000000000148,0.8204390068369927
2026-05-15 01:39,140.08,140.08,140.08,140.08,1,1.1300000000000239,0.8132421734436956
2026-05-15 01:40,140.08,140.08,140.08,140.08,1,1.1300000000000239,0.8132421734436956
2026-05-15 01:41,140.0,140.0,140.0,140.0,2,1.0500000000000114,0.7556675062972307
2026-05-15 01:42,140.0,140.0,140.0,140.0,2,1.0500000000000114,0.7556675062972307
2026-05-15 01:43,139.99,139.99,139.99,139.99,1,1.0400000000000205,0.7484706729039337
2026-05-15 01:44,140.0,140.0,140.0,140.0,1,1.0500000000000114,0.7556675062972307
2026-05-15 01:45,140.0,140.0,140.0,140.0,2,1.0500000000000114,0.7556675062972307
2026-05-15 01:46,140.0,140.0,140.0,140.0,3,1.0500000000000114,0.7556675062972307
2026-05-15 01:47,140.0,140.0,140.0,140.0,4,1.0500000000000114,0.7556675062972307
2026-05-15 01:48,140.0,140.0,140.0,140.0,1,1.0500000000000114,0.7556675062972307
2026-05-15 01:49,139.99,139.99,139.99,139.99,1,1.0400000000000205,0.7484706729039337
2026-05-15 01:50,139.99,139.99,139.99,139.99,1,1.0400000000000205,0.7484706729039337
2026-05-15 01:51,139.99,139.99,139.99,139.99,1,1.0400000000000205,0.7484706729039337
2026-05-15 01:52,139.99,139.99,139.99,139.99,2,1.0400000000000205,0.7484706729039337
2026-05-15 01:53,139.99,139.99,139.99,139.99,1,1.0400000000000205,0.7484706729039337
2026-05-15 01:54,139.99,139.99,139.99,139.99,1,1.0400000000000205,0.7484706729039337
2026-05-15 01:55,140.0,140.0,140.0,140.0,1,1.0500000000000114,0.7556675062972307
2026-05-15 01:56,140.0,140.0,140.0,140.0,3,1.0500000000000114,0.7556675062972307
2026-05-15 01:57,140.0,140.0,140.0,140.0,4,1.0500000000000114,0.7556675062972307
2026-05-15 01:58,140.0,140.0,140.0,140.0,1,1.0500000000000114,0.7556675062972307
2026-05-15 01:59,140.0,140.0,140.0,140.0,1,1.0500000000000114,0.7556675062972307
2026-05-15 02:00,140.0,140.0,140.0,140.0,1,1.0500000000000114,0.7556675062972307
2026-05-15 02:01,140.0,140.0,140.0,140.0,2,1.0500000000000114,0.7556675062972307
2026-05-15 02:02,140.0,140.0,140.0,140.0,3,1.0500000000000114,0.7556675062972307
2026-05-15 02:03,140.0,140.0,140.0,140.0,1,1.0500000000000114,0.7556675062972307
2026-05-15 02:04,140.0,140.0,140.0,140.0,1,1.0500000000000114,0.7556675062972307
2026-05-15 02:05,140.0,140.0,140.0,140.0,1,1.0500000000000114,0.7556675062972307
2026-05-15 02:06,140.0,140.0,140.0,140.0,1,1.0500000000000114,0.7556675062972307
2026-05-15 02:07,140.0,140.0,139.99,139.99,8,1.0400000000000205,0.7484706729039337
2026-05-15 02:08,140.0,140.0,140.0,140.0,5,1.0500000000000114,0.7556675062972307
2026-05-15 02:09,139.99,139.99,139.96,139.96,21,1.0100000000000193,0.7268801727240204
2026-05-15 02:10,139.95,139.95,139.95,139.95,1,1.0,0.7196833393307012
2026-05-15 02:11,139.93,139.93,139.93,139.93,1,0.9800000000000182,0.7052896725440849
2026-05-15 02:12,139.9,139.9,139.86,139.86,2,0.910000000000025,0.6549118387909392
2026-05-15 02:13,139.84,139.84,139.84,139.84,1,0.8900000000000148,0.6405181720043229
2026-05-15 02:14,139.8,139.8,139.8,139.8,1,0.8500000000000227,0.6117308384311126
2026-05-15 02:15,139.79,139.79,139.79,139.79,1,0.8400000000000034,0.6045340050377934
2026-05-15 02:16,139.79,139.79,139.79,139.79,1,0.8400000000000034,0.6045340050377934
2026-05-15 02:17,139.79,139.79,139.79,139.79,2,0.8400000000000034,0.6045340050377934
2026-05-15 02:18,139.79,139.79,139.79,139.79,1,0.8400000000000034,0.6045340050377934
2026-05-15 02:19,139.79,139.79,139.79,139.79,1,0.8400000000000034,0.6045340050377934
2026-05-15 02:20,139.79,139.79,139.79,139.79,1,0.8400000000000034,0.6045340050377934
2026-05-15 02:21,139.79,139.79,139.79,139.79,1,0.8400000000000034,0.6045340050377934
2026-05-15 02:22,139.79,139.79,139.79,139.79,2,0.8400000000000034,0.6045340050377934
2026-05-15 02:23,139.79,139.79,139.79,139.79,1,0.8400000000000034,0.6045340050377934
2026-05-15 02:24,139.79,139.79,139.79,139.79,1,0.8400000000000034,0.6045340050377934
2026-05-15 02:25,139.79,139.79,139.79,139.79,1,0.8400000000000034,0.6045340050377934
2026-05-15 02:26,139.79,139.79,139.79,139.79,1,0.8400000000000034,0.6045340050377934
2026-05-15 02:27,139.79,139.79,139.79,139.79,2,0.8400000000000034,0.6045340050377934
2026-05-15 02:28,139.79,139.79,139.79,139.79,1,0.8400000000000034,0.6045340050377934
2026-05-15 02:29,139.79,139.79,139.79,139.79,1,0.8400000000000034,0.6045340050377934
2026-05-15 02:30,139.79,139.79,139.79,139.79,1,0.8400000000000034,0.6045340050377934
2026-05-15 02:31,139.79,139.79,139.79,139.79,1,0.8400000000000034,0.6045340050377934
2026-05-15 02:32,139.79,140.0,139.79,140.0,25,1.0500000000000114,0.7556675062972307
2026-05-15 02:33,139.99,139.99,139.99,139.99,1,1.0400000000000205,0.7484706729039337
2026-05-15 02:34,139.99,139.99,139.99,139.99,5,1.0400000000000205,0.7484706729039337
2026-05-15 02:35,140.0,140.0,140.0,140.0,2,1.0500000000000114,0.7556675062972307
2026-05-15 02:36,140.0,140.0,140.0,140.0,1,1.0500000000000114,0.7556675062972307
2026-05-15 02:37,140.0,140.0,140.0,140.0,56,1.0500000000000114,0.7556675062972307
2026-05-15 02:38,140.0,140.0,140.0,140.0,1,1.0500000000000114,0.7556675062972307
2026-05-15 02:39,139.99,139.99,139.99,139.99,1,1.0400000000000205,0.7484706729039337
2026-05-15 02:40,139.99,139.99,139.99,139.99,1,1.0400000000000205,0.7484706729039337
2026-05-15 02:41,139.99,139.99,139.99,139.99,1,1.0400000000000205,0.7484706729039337
2026-05-15 02:42,139.99,139.99,139.99,139.99,2,1.0400000000000205,0.7484706729039337
2026-05-15 02:43,139.99,139.99,139.99,139.99,1,1.0400000000000205,0.7484706729039337
2026-05-15 02:44,139.99,139.99,139.99,139.99,1,1.0400000000000205,0.7484706729039337
2026-05-15 02:45,139.99,139.99,139.99,139.99,1,1.0400000000000205,0.7484706729039337
2026-05-15 02:46,139.99,139.99,139.99,139.99,1,1.0400000000000205,0.7484706729039337
2026-05-15 02:47,139.99,139.99,139.99,139.99,2,1.0400000000000205,0.7484706729039337
2026-05-15 02:48,139.99,139.99,139.99,139.99,1,1.0400000000000205,0.7484706729039337
2026-05-15 02:49,139.99,139.99,139.99,139.99,1,1.0400000000000205,0.7484706729039337
2026-05-15 02:50,139.99,139.99,139.99,139.99,1,1.0400000000000205,0.7484706729039337
2026-05-15 02:51,139.99,139.99,139.99,139.99,1,1.0400000000000205,0.7484706729039337
2026-05-15 02:52,139.99,140.0,139.99,140.0,2,1.0500000000000114,0.7556675062972307
2026-05-15 02:53,140.0,140.0,140.0,140.0,1,1.0500000000000114,0.7556675062972307
2026-05-15 02:54,140.0,140.0,140.0,140.0,1,1.0500000000000114,0.7556675062972307
2026-05-15 02:55,139.99,139.99,139.99,139.99,1,1.0400000000000205,0.7484706729039337
2026-05-15 02:56,139.99,139.99,139.99,139.99,1,1.0400000000000205,0.7484706729039337
2026-05-15 02:57,139.99,140.0,139.99,140.0,2,1.0500000000000114,0.7556675062972307
2026-05-15 02:58,140.0,140.0,140.0,140.0,1,1.0500000000000114,0.7556675062972307
2026-05-15 02:59,140.0,140.0,140.0,140.0,1,1.0500000000000114,0.7556675062972307
2026-05-15 03:00,140.0,140.0,140.0,140.0,1,1.0500000000000114,0.7556675062972307
2026-05-15 03:01,140.0,140.0,140.0,140.0,1,1.0500000000000114,0.7556675062972307
2026-05-15 03:02,140.0,140.0,140.0,140.0,2,1.0500000000000114,0.7556675062972307
2026-05-15 03:03,140.0,140.0,140.0,140.0,1,1.0500000000000114,0.7556675062972307
2026-05-15 03:04,140.0,140.0,140.0,140.0,1,1.0500000000000114,0.7556675062972307
2026-05-15 03:05,140.0,140.0,140.0,140.0,1,1.0500000000000114,0.7556675062972307
2026-05-15 03:06,140.0,140.0,140.0,140.0,1,1.0500000000000114,0.7556675062972307
2026-05-15 03:07,139.99,139.99,139.99,139.99,2,1.0400000000000205,0.7484706729039337
2026-05-15 03:08,139.99,139.99,139.99,139.99,1,1.0400000000000205,0.7484706729039337
2026-05-15 03:09,139.99,139.99,139.99,139.99,1,1.0400000000000205,0.7484706729039337
2026-05-15 03:10,140.0,140.0,139.99,139.99,2,1.0400000000000205,0.7484706729039337
2026-05-15 03:11,139.99,139.99,139.99,139.99,1,1.0400000000000205,0.7484706729039337
2026-05-15 03:12,140.0,140.0,140.0,140.0,2,1.0500000000000114,0.7556675062972307
2026-05-15 03:13,139.99,139.99,139.99,139.99,1,1.0400000000000205,0.7484706729039337
2026-05-15 03:14,139.99,139.99,139.99,139.99,1,1.0400000000000205,0.7484706729039337
2026-05-15 03:15,139.99,139.99,139.99,139.99,1,1.0400000000000205,0.7484706729039337
2026-05-15 03:16,139.99,139.99,139.99,139.99,1,1.0400000000000205,0.7484706729039337
2026-05-15 03:17,139.99,139.99,139.99,139.99,2,1.0400000000000205,0.7484706729039337
2026-05-15 03:18,140.0,140.0,140.0,140.0,1,1.0500000000000114,0.7556675062972307
2026-05-15 03:19,140.0,140.0,140.0,140.0,1,1.0500000000000114,0.7556675062972307
2026-05-15 03:20,140.0,140.0,140.0,140.0,1,1.0500000000000114,0.7556675062972307
2026-05-15 03:21,140.0,140.0,140.0,140.0,1,1.0500000000000114,0.7556675062972307
2026-05-15 03:22,140.0,140.0,140.0,140.0,2,1.0500000000000114,0.7556675062972307
2026-05-15 03:23,140.0,140.0,140.0,140.0,1,1.0500000000000114,0.7556675062972307
2026-05-15 03:24,140.0,140.0,140.0,140.0,1,1.0500000000000114,0.7556675062972307
2026-05-15 03:25,140.0,140.0,140.0,140.0,1,1.0500000000000114,0.7556675062972307
2026-05-15 03:26,140.0,140.0,140.0,140.0,1,1.0500000000000114,0.7556675062972307
2026-05-15 03:27,140.0,140.0,140.0,140.0,2,1.0500000000000114,0.7556675062972307
2026-05-15 03:28,139.99,139.99,139.99,139.99,1,1.0400000000000205,0.7484706729039337
2026-05-15 03:29,139.99,139.99,139.99,139.99,1,1.0400000000000205,0.7484706729039337
2026-05-15 03:30,139.99,139.99,139.99,139.99,1,1.0400000000000205,0.7484706729039337
2026-05-15 03:31,139.99,139.99,139.99,139.99,1,1.0400000000000205,0.7484706729039337
2026-05-15 03:32,139.99,139.99,139.99,139.99,2,1.0400000000000205,0.7484706729039337
2026-05-15 03:33,139.99,139.99,139.99,139.99,1,1.0400000000000205,0.7484706729039337
2026-05-15 03:34,139.99,139.99,139.99,139.99,1,1.0400000000000205,0.7484706729039337
2026-05-15 03:35,139.99,139.99,139.99,139.99,1,1.0400000000000205,0.7484706729039337
2026-05-15 03:36,139.99,139.99,139.99,139.99,1,1.0400000000000205,0.7484706729039337
2026-05-15 03:37,139.99,139.99,139.99,139.99,2,1.0400000000000205,0.7484706729039337
2026-05-15 03:38,140.0,140.0,140.0,140.0,1,1.0500000000000114,0.7556675062972307
2026-05-15 03:39,140.0,140.0,140.0,140.0,1,1.0500000000000114,0.7556675062972307
2026-05-15 03:40,140.0,140.0,140.0,140.0,1,1.0500000000000114,0.7556675062972307
2026-05-15 03:41,140.0,140.0,140.0,140.0,1,1.0500000000000114,0.7556675062972307
2026-05-15 03:42,140.0,140.0,139.99,139.99,2,1.0400000000000205,0.7484706729039337
2026-05-15 03:43,139.99,139.99,139.99,139.99,1,1.0400000000000205,0.7484706729039337
2026-05-15 03:44,139.99,139.99,139.99,139.99,1,1.0400000000000205,0.7484706729039337
2026-05-15 03:45,139.99,139.99,139.99,139.99,1,1.0400000000000205,0.7484706729039337
2026-05-15 03:46,139.99,139.99,139.99,139.99,1,1.0400000000000205,0.7484706729039337
2026-05-15 03:47,140.0,140.0,139.99,139.99,2,1.0400000000000205,0.7484706729039337
2026-05-15 03:48,140.0,140.0,140.0,140.0,1,1.0500000000000114,0.7556675062972307
2026-05-15 03:49,140.0,140.0,140.0,140.0,1,1.0500000000000114,0.7556675062972307
2026-05-15 03:50,140.0,140.0,140.0,140.0,2,1.0500000000000114,0.7556675062972307
2026-05-15 03:51,140.0,140.0,140.0,140.0,1,1.0500000000000114,0.7556675062972307
2026-05-15 03:52,140.0,140.0,139.7,139.7,121,0.75,0.5397625044980314
2026-05-15 03:53,138.85,138.85,138.85,138.85,1,-0.09999999999999432,-0.07196833393307012
2026-05-15 03:54,138.91,138.91,138.91,138.91,1,-0.03999999999999204,-0.028787333573221385
2026-05-15 03:55,138.91,138.91,138.91,138.91,1,-0.03999999999999204,-0.028787333573221385
2026-05-15 03:56,138.91,138.91,138.67,138.67,2,-0.28000000000000114,-0.2015113350125941
2026-05-15 03:57,138.13,138.13,138.13,138.13,1,-0.8199999999999932,-0.5901403382511661
2026-05-15 03:58,138.19,138.19,137.96,138.07,17,-0.8799999999999955,-0.6333213386110037
2026-05-15 03:59,137.99,137.99,137.99,137.99,1,-0.9599999999999795,-0.6908960057574576
2026-05-15 04:00,138.18,138.18,137.79,137.79,5,-1.1599999999999966,-0.8348326736235978
2026-05-15 04:01,137.81,137.81,137.81,137.81,1,-1.1399999999999864,-0.8204390068369816
2026-05-15 04:02,137.75,137.75,137.75,137.75,1,-1.1999999999999886,-0.8636200071968303
2026-05-15 04:03,137.68,137.68,137.68,137.68,1,-1.2699999999999818,-0.913997840949965
2026-05-15 04:04,137.75,137.75,137.6,137.6,13,-1.3499999999999943,-0.9715725080964299
2026-05-15 04:05,137.67,137.67,137.67,137.67,1,-1.2800000000000011,-0.9211946743432953
2026-05-15 04:06,137.73,137.73,137.73,137.73,2,-1.2199999999999989,-0.8780136739834465
2026-05-15 04:07,137.73,137.73,137.73,137.73,1,-1.2199999999999989,-0.8780136739834465
2026-05-15 04:08,137.6,137.6,137.5,137.5,34,-1.4499999999999886,-1.0435408420295
2026-05-15 04:09,137.25,137.25,137.25,137.25,1,-1.6999999999999886,-1.2234616768621698
2026-05-15 04:10,137.2,137.2,136.69,136.69,2,-2.259999999999991,-1.626484346887358
2026-05-15 04:11,136.52,136.52,136.0,136.0,126,-2.9499999999999886,-2.1230658510255407
2026-05-15 04:12,135.68,135.68,135.68,135.68,1,-3.269999999999982,-2.353364519611356
2026-05-15 04:13,135.71,135.71,135.71,135.71,1,-3.2399999999999807,-2.331774019431432
2026-05-15 04:14,135.71,135.71,135.71,135.71,2,-3.2399999999999807,-2.331774019431432
2026-05-15 04:15,135.71,135.71,135.71,135.71,1,-3.2399999999999807,-2.331774019431432
2026-05-15 04:16,135.71,135.71,135.71,135.71,1,-3.2399999999999807,-2.331774019431432
2026-05-15 04:17,135.6,135.6,135.6,135.6,5,-3.3499999999999943,-2.410939186757821
2026-05-15 04:18,135.71,135.71,135.6,135.6,6,-3.3499999999999943,-2.410939186757821
2026-05-15 04:19,135.71,135.71,135.71,135.71,1,-3.2399999999999807,-2.331774019431432
2026-05-15 04:20,135.71,135.71,135.6,135.6,6,-3.3499999999999943,-2.410939186757821
2026-05-15 04:21,135.26,135.26,135.0,135.0,7,-3.9499999999999886,-2.8427491903562307
2026-05-15 04:22,135.13,135.13,135.0,135.0,7,-3.9499999999999886,-2.8427491903562307
2026-05-15 04:23,135.13,135.13,135.13,135.13,1,-3.819999999999993,-2.7491903562432474
2026-05-15 04:24,135.13,135.13,135.13,135.13,2,-3.819999999999993,-2.7491903562432474
2026-05-15 04:25,135.14,135.14,135.14,135.14,1,-3.8100000000000023,-2.7419935228499503
2026-05-15 04:26,135.13,135.13,135.13,135.13,1,-3.819999999999993,-2.7491903562432474
2026-05-15 04:27,135.0,135.0,135.0,135.0,4,-3.9499999999999886,-2.8427491903562307
2026-05-15 04:28,135.14,135.14,135.0,135.0,9,-3.9499999999999886,-2.8427491903562307
2026-05-15 04:29,135.13,135.13,135.0,135.0,9,-3.9499999999999886,-2.8427491903562307
2026-05-15 04:30,134.56,134.56,134.56,134.56,1,-4.389999999999986,-3.1594098596617437
2026-05-15 04:31,134.49,134.49,134.49,134.49,2,-4.4599999999999795,-3.2097876934148784
2026-05-15 04:32,134.49,134.49,134.49,134.49,1,-4.4599999999999795,-3.2097876934148784
2026-05-15 04:33,134.49,134.49,134.49,134.49,1,-4.4599999999999795,-3.2097876934148784
2026-05-15 04:34,134.49,137.6,134.49,135.0,170,-3.9499999999999886,-2.8427491903562307
2026-05-15 04:35,134.98,134.98,134.98,134.98,1,-3.969999999999999,-2.857142857142858
2026-05-15 04:36,135.28,135.28,135.28,135.28,1,-3.6699999999999875,-2.6412378553436366
2026-05-15 04:37,135.45,135.45,135.45,135.45,1,-3.5,-2.518891687657432
2026-05-15 04:38,135.45,135.54,135.45,135.54,2,-3.4099999999999966,-2.45412018711767
2026-05-15 04:39,135.54,135.54,135.54,135.54,1,-3.4099999999999966,-2.45412018711767
2026-05-15 04:40,135.5,135.5,135.43,135.43,9,-3.519999999999982,-2.533285354444037
2026-05-15 04:41,135.61,135.61,135.61,135.61,1,-3.339999999999975,-2.403742353364502
2026-05-15 04:42,135.61,135.61,135.61,135.61,2,-3.339999999999975,-2.403742353364502
2026-05-15 04:43,135.5,135.5,135.5,135.5,4,-3.4499999999999886,-2.4829075206908913
2026-05-15 04:44,135.75,135.75,135.7,135.7,4,-3.25,-2.338970852824762
2026-05-15 04:45,137.18,137.18,137.1,137.1,3,-1.8499999999999943,-1.3314141777617805
2026-05-15 04:46,137.12,137.12,136.9,136.9,6,-2.049999999999983,-1.4753508456279096
2026-05-15 04:47,137.17,137.17,137.17,137.17,1,-1.7800000000000011,-1.2810363440086348
2026-05-15 04:48,137.28,137.32,137.28,137.32,2,-1.6299999999999955,-1.173083843109024
2026-05-15 04:49,137.13,137.13,136.96,136.96,3,-1.9899999999999807,-1.432169845268072
2026-05-15 04:50,137.24,137.24,137.06,137.06,2,-1.8899999999999864,-1.360201511335002
2026-05-15 04:51,137.23,137.23,137.05,137.05,2,-1.8999999999999773,-1.367398344728299
2026-05-15 04:52,137.23,137.23,136.93,136.93,4,-2.019999999999982,-1.4537603454479853
2026-05-15 04:53,137.06,137.06,137.06,137.06,1,-1.8899999999999864,-1.360201511335002
2026-05-15 04:54,137.06,137.06,137.06,137.06,2,-1.8899999999999864,-1.360201511335002
2026-05-15 04:55,136.91,136.91,136.75,136.75,4,-2.1999999999999886,-1.5833033465275204
2026-05-15 04:56,136.67,136.67,136.5,136.5,2,-2.4499999999999886,-1.76322418136019
2026-05-15 04:57,136.66,136.66,136.49,136.49,2,-2.4599999999999795,-1.7704210147534982
2026-05-15 04:58,135.72,135.72,135.72,135.72,1,-3.2299999999999898,-2.324577186038135
2026-05-15 04:59,135.72,135.72,135.67,135.67,2,-3.280000000000001,-2.3605613530046754
2026-05-15 05:00,135.67,135.67,135.67,135.67,1,-3.280000000000001,-2.3605613530046754
2026-05-15 05:01,135.6,135.6,135.6,135.6,1,-3.3499999999999943,-2.410939186757821
2026-05-15 05:02,135.45,135.45,135.45,135.45,1,-3.5,-2.518891687657432
2026-05-15 05:03,135.45,135.53,135.45,135.53,2,-3.4199999999999875,-2.461317020510967
2026-05-15 05:04,135.38,135.38,135.38,135.38,1,-3.569999999999993,-2.5692695214105776
2026-05-15 05:05,135.38,135.38,135.38,135.38,1,-3.569999999999993,-2.5692695214105776
2026-05-15 05:06,135.32,135.32,135.32,135.32,1,-3.6299999999999955,-2.6124505217704153
2026-05-15 05:07,135.32,135.32,135.32,135.32,2,-3.6299999999999955,-2.6124505217704153
2026-05-15 05:08,135.32,135.32,135.32,135.32,1,-3.6299999999999955,-2.6124505217704153
2026-05-15 05:09,135.32,135.32,135.32,135.32,1,-3.6299999999999955,-2.6124505217704153
2026-05-15 05:10,135.32,135.32,135.32,135.32,1,-3.6299999999999955,-2.6124505217704153
2026-05-15 05:11,135.32,135.32,135.32,135.32,1,-3.6299999999999955,-2.6124505217704153
2026-05-15 05:12,135.32,135.32,135.32,135.32,2,-3.6299999999999955,-2.6124505217704153
2026-05-15 05:13,135.32,135.32,135.32,135.32,1,-3.6299999999999955,-2.6124505217704153
2026-05-15 05:14,135.32,135.32,135.32,135.32,1,-3.6299999999999955,-2.6124505217704153
2026-05-15 05:15,135.32,135.32,135.32,135.32,1,-3.6299999999999955,-2.6124505217704153
2026-05-15 05:16,135.32,135.32,135.32,135.32,1,-3.6299999999999955,-2.6124505217704153
2026-05-15 05:17,135.32,135.32,135.32,135.32,2,-3.6299999999999955,-2.6124505217704153
2026-05-15 05:18,135.32,135.32,135.32,135.32,1,-3.6299999999999955,-2.6124505217704153
2026-05-15 05:19,135.32,135.32,135.32,135.32,1,-3.6299999999999955,-2.6124505217704153
2026-05-15 05:20,135.32,135.32,135.32,135.32,1,-3.6299999999999955,-2.6124505217704153
2026-05-15 05:21,135.32,135.32,135.32,135.32,1,-3.6299999999999955,-2.6124505217704153
2026-05-15 05:22,135.32,135.32,135.32,135.32,2,-3.6299999999999955,-2.6124505217704153
2026-05-15 05:23,135.32,135.32,135.32,135.32,1,-3.6299999999999955,-2.6124505217704153
2026-05-15 05:24,135.32,135.32,135.32,135.32,1,-3.6299999999999955,-2.6124505217704153
2026-05-15 05:25,135.32,135.32,135.32,135.32,1,-3.6299999999999955,-2.6124505217704153
2026-05-15 05:26,135.25,135.25,135.25,135.25,1,-3.6999999999999886,-2.662828355523561
2026-05-15 05:27,135.25,135.25,135.25,135.25,2,-3.6999999999999886,-2.662828355523561
2026-05-15 05:28,135.25,135.25,135.25,135.25,1,-3.6999999999999886,-2.662828355523561
2026-05-15 05:29,135.25,135.25,135.25,135.25,1,-3.6999999999999886,-2.662828355523561
2026-05-15 05:30,135.25,135.25,135.25,135.25,1,-3.6999999999999886,-2.662828355523561
2026-05-15 05:31,135.25,135.25,135.25,135.25,1,-3.6999999999999886,-2.662828355523561
2026-05-15 05:32,135.25,135.25,135.25,135.25,2,-3.6999999999999886,-2.662828355523561
2026-05-15 05:33,135.25,135.25,135.25,135.25,1,-3.6999999999999886,-2.662828355523561
2026-05-15 05:34,135.25,135.25,135.25,135.25,1,-3.6999999999999886,-2.662828355523561
2026-05-15 05:35,135.25,135.25,135.25,135.25,1,-3.6999999999999886,-2.662828355523561
2026-05-15 05:36,135.25,135.25,135.25,135.25,1,-3.6999999999999886,-2.662828355523561
2026-05-15 05:37,135.25,135.25,135.25,135.25,2,-3.6999999999999886,-2.662828355523561
2026-05-15 05:38,135.25,135.25,135.25,135.25,1,-3.6999999999999886,-2.662828355523561
2026-05-15 05:39,135.25,135.25,135.25,135.25,1,-3.6999999999999886,-2.662828355523561
2026-05-15 05:40,135.25,135.25,135.25,135.25,1,-3.6999999999999886,-2.662828355523561
2026-05-15 05:41,135.25,135.25,135.25,135.25,1,-3.6999999999999886,-2.662828355523561
2026-05-15 05:42,135.25,135.25,135.25,135.25,2,-3.6999999999999886,-2.662828355523561
2026-05-15 05:43,135.25,135.25,135.25,135.25,1,-3.6999999999999886,-2.662828355523561
2026-05-15 05:44,135.25,135.25,135.25,135.25,1,-3.6999999999999886,-2.662828355523561
2026-05-15 05:45,135.25,135.25,135.25,135.25,1,-3.6999999999999886,-2.662828355523561
2026-05-15 05:46,135.25,135.25,135.25,135.25,1,-3.6999999999999886,-2.662828355523561
2026-05-15 05:47,135.25,135.25,135.25,135.25,2,-3.6999999999999886,-2.662828355523561
2026-05-15 05:48,135.25,135.25,135.25,135.25,1,-3.6999999999999886,-2.662828355523561
2026-05-15 05:49,135.25,135.25,135.25,135.25,1,-3.6999999999999886,-2.662828355523561
2026-05-15 05:50,135.25,135.25,135.25,135.25,1,-3.6999999999999886,-2.662828355523561
2026-05-15 05:51,135.25,135.25,135.25,135.25,1,-3.6999999999999886,-2.662828355523561
2026-05-15 05:52,135.25,135.25,135.25,135.25,2,-3.6999999999999886,-2.662828355523561
2026-05-15 05:53,135.25,135.25,135.25,135.25,1,-3.6999999999999886,-2.662828355523561
2026-05-15 05:54,135.39,135.39,135.28,135.28,2,-3.6699999999999875,-2.6412378553436366
2026-05-15 05:55,135.28,135.28,135.28,135.28,1,-3.6699999999999875,-2.6412378553436366
2026-05-15 05:56,135.28,135.28,135.28,135.28,1,-3.6699999999999875,-2.6412378553436366
2026-05-15 05:57,135.28,135.28,135.28,135.28,1,-3.6699999999999875,-2.6412378553436366
2026-05-15 05:58,135.46,135.46,135.41,135.41,2,-3.539999999999992,-2.5476790212306533
2026-05-15 05:59,135.53,136.21,135.53,136.21,5,-2.7399999999999807,-1.9719323497660923
2026-05-15 06:00,136.35,136.35,136.35,136.35,1,-2.5999999999999943,-1.8711766822598008
2026-05-15 06:01,136.35,136.35,136.35,136.35,2,-2.5999999999999943,-1.8711766822598008
2026-05-15 06:02,136.35,136.35,136.35,136.35,1,-2.5999999999999943,-1.8711766822598008
2026-05-15 06:03,136.34,136.34,136.34,136.34,1,-2.609999999999985,-1.8783735156530978
2026-05-15 06:04,136.33,136.33,136.33,136.33,1,-2.619999999999976,-1.885570349046406
2026-05-15 06:05,136.33,136.33,136.33,136.33,1,-2.619999999999976,-1.885570349046406
2026-05-15 06:06,136.33,136.48,136.33,136.48,2,-2.469999999999999,-1.7776178481468174
2026-05-15 06:07,136.48,136.48,136.48,136.48,1,-2.469999999999999,-1.7776178481468174
2026-05-15 06:08,136.51,136.51,136.51,136.51,1,-2.4399999999999977,-1.756027347966893
2026-05-15 06:09,136.51,136.51,135.06,135.06,80,-3.8899999999999864,-2.799568189996393
2026-05-15 06:10,135.34,135.34,135.34,135.34,1,-3.609999999999985,-2.598056854983799
2026-05-15 06:11,135.21,135.21,135.21,135.21,1,-3.7399999999999807,-2.6916156890967824
2026-05-15 06:12,135.21,135.21,135.21,135.21,1,-3.7399999999999807,-2.6916156890967824
2026-05-15 06:13,135.21,135.21,135.2,135.2,2,-3.75,-2.6988125224901016
2026-05-15 06:14,135.33,135.33,135.25,135.25,2,-3.6999999999999886,-2.662828355523561
2026-05-15 06:15,135.2,135.2,135.2,135.2,1,-3.75,-2.6988125224901016
2026-05-15 06:16,135.19,135.19,135.19,135.19,1,-3.759999999999991,-2.7060093558834097
2026-05-15 06:17,135.2,135.2,135.2,135.2,1,-3.75,-2.6988125224901016
2026-05-15 06:18,135.32,135.32,135.24,135.24,2,-3.7099999999999795,-2.670025188916858
2026-05-15 06:19,135.24,135.24,135.24,135.24,1,-3.7099999999999795,-2.670025188916858
2026-05-15 06:20,135.24,135.24,135.24,135.24,1,-3.7099999999999795,-2.670025188916858
2026-05-15 06:21,135.19,135.19,135.19,135.19,1,-3.759999999999991,-2.7060093558834097
2026-05-15 06:22,135.19,135.19,135.19,135.19,1,-3.759999999999991,-2.7060093558834097
2026-05-15 06:23,135.19,135.32,135.19,135.32,3,-3.6299999999999955,-2.6124505217704153
2026-05-15 06:24,135.41,135.41,135.26,135.26,2,-3.6899999999999977,-2.655631522130264
2026-05-15 06:25,135.26,135.26,135.26,135.26,1,-3.6899999999999977,-2.655631522130264
2026-05-15 06:26,135.22,135.22,135.22,135.22,1,-3.7299999999999898,-2.6844188557034854
2026-05-15 06:27,135.22,135.22,135.22,135.22,1,-3.7299999999999898,-2.6844188557034854
2026-05-15 06:28,135.22,135.22,135.22,135.22,1,-3.7299999999999898,-2.6844188557034854
2026-05-15 06:29,135.22,135.22,135.22,135.22,2,-3.7299999999999898,-2.6844188557034854
2026-05-15 06:30,135.36,135.36,135.21,135.21,2,-3.7399999999999807,-2.6916156890967824
2026-05-15 06:31,135.21,135.21,135.21,135.21,1,-3.7399999999999807,-2.6916156890967824
2026-05-15 06:32,135.21,135.21,135.21,135.21,1,-3.7399999999999807,-2.6916156890967824
2026-05-15 06:33,135.21,135.21,135.21,135.21,1,-3.7399999999999807,-2.6916156890967824
2026-05-15 06:34,135.35,135.35,135.22,135.22,2,-3.7299999999999898,-2.6844188557034854
2026-05-15 06:35,135.22,135.22,135.22,135.22,1,-3.7299999999999898,-2.6844188557034854
2026-05-15 06:36,135.22,135.22,135.22,135.22,1,-3.7299999999999898,-2.6844188557034854
2026-05-15 06:37,135.22,135.22,135.22,135.22,1,-3.7299999999999898,-2.6844188557034854
2026-05-15 06:38,135.36,135.36,135.22,135.22,2,-3.7299999999999898,-2.6844188557034854
2026-05-15 06:39,135.22,135.22,135.22,135.22,1,-3.7299999999999898,-2.6844188557034854
2026-05-15 06:40,135.22,135.22,135.22,135.22,1,-3.7299999999999898,-2.6844188557034854
2026-05-15 06:41,135.22,135.22,135.22,135.22,1,-3.7299999999999898,-2.6844188557034854
2026-05-15 06:42,135.22,135.22,135.22,135.22,1,-3.7299999999999898,-2.6844188557034854
2026-05-15 06:43,135.22,135.22,135.22,135.22,2,-3.7299999999999898,-2.6844188557034854
2026-05-15 06:44,135.22,135.22,135.22,135.22,1,-3.7299999999999898,-2.6844188557034854
2026-05-15 06:45,135.22,135.22,135.22,135.22,1,-3.7299999999999898,-2.6844188557034854
2026-05-15 06:46,135.22,135.22,135.22,135.22,1,-3.7299999999999898,-2.6844188557034854
2026-05-15 06:47,135.22,135.22,135.22,135.22,1,-3.7299999999999898,-2.6844188557034854
2026-05-15 06:48,135.22,135.36,135.22,135.22,3,-3.7299999999999898,-2.6844188557034854
2026-05-15 06:49,135.21,135.21,135.21,135.21,1,-3.7399999999999807,-2.6916156890967824
2026-05-15 06:50,135.21,135.21,135.21,135.21,1,-3.7399999999999807,-2.6916156890967824
2026-05-15 06:51,135.07,135.22,135.07,135.22,23,-3.7299999999999898,-2.6844188557034854
2026-05-15 06:52,135.35,136.1,135.35,136.1,11,-2.8499999999999943,-2.0510975170924706
2026-05-15 06:53,136.25,136.25,136.25,136.25,1,-2.6999999999999886,-1.943145016192871
2026-05-15 06:54,136.33,136.38,136.33,136.38,2,-2.569999999999993,-1.8495861820798765
2026-05-15 06:55,136.43,136.43,136.43,136.43,1,-2.519999999999982,-1.8136020151133359
2026-05-15 06:56,136.58,136.58,136.58,136.58,1,-2.369999999999976,-1.7056495142137251
2026-05-15 06:57,136.44,137.6,134.61,137.6,79,-1.3499999999999943,-0.9715725080964299
2026-05-15 06:58,137.01,137.01,137.01,137.01,1,-1.9399999999999977,-1.3961856783015425
2026-05-15 06:59,137.12,137.12,137.12,137.12,1,-1.829999999999984,-1.3170205109751643
2026-05-15 07:00,137.17,137.51,137.17,137.51,2,-1.4399999999999977,-1.036344008636203
2026-05-15 07:01,137.04,137.04,136.89,136.89,3,-2.0600000000000023,-1.4825476790212289
2026-05-15 07:02,137.51,137.51,137.51,137.51,1,-1.4399999999999977,-1.036344008636203
2026-05-15 07:03,137.51,137.51,137.51,137.51,2,-1.4399999999999977,-1.036344008636203
2026-05-15 07:04,137.51,137.51,137.51,137.51,1,-1.4399999999999977,-1.036344008636203
2026-05-15 07:05,137.51,138.87,137.51,138.87,39,-0.07999999999998408,-0.05757466714644277
2026-05-15 07:06,139.52,139.52,139.52,139.52,1,0.5700000000000216,0.41021950341850744
2026-05-15 07:07,139.85,140.0,139.85,139.85,42,0.9000000000000057,0.64771500539762
2026-05-15 07:08,139.85,139.99,139.85,139.99,5,1.0400000000000205,0.7484706729039337
2026-05-15 07:09,139.99,139.99,139.99,139.99,1,1.0400000000000205,0.7484706729039337
2026-05-15 07:10,140.0,140.0,140.0,140.0,24,1.0500000000000114,0.7556675062972307
2026-05-15 07:11,139.99,140.0,139.99,140.0,4,1.0500000000000114,0.7556675062972307
2026-05-15 07:12,140.0,140.0,140.0,140.0,5,1.0500000000000114,0.7556675062972307
2026-05-15 07:13,140.0,140.0,140.0,140.0,1,1.0500000000000114,0.7556675062972307
2026-05-15 07:14,140.0,140.0,140.0,140.0,73,1.0500000000000114,0.7556675062972307
2026-05-15 07:15,140.0,140.0,140.0,140.0,1,1.0500000000000114,0.7556675062972307
2026-05-15 07:16,140.0,140.0,140.0,140.0,2,1.0500000000000114,0.7556675062972307
2026-05-15 07:17,140.0,140.0,140.0,140.0,1,1.0500000000000114,0.7556675062972307
2026-05-15 07:18,140.0,140.0,140.0,140.0,7,1.0500000000000114,0.7556675062972307
2026-05-15 07:19,140.0,140.0,140.0,140.0,1,1.0500000000000114,0.7556675062972307
2026-05-15 07:20,140.0,140.0,140.0,140.0,2,1.0500000000000114,0.7556675062972307
2026-05-15 07:21,140.0,140.0,140.0,140.0,5,1.0500000000000114,0.7556675062972307
2026-05-15 07:22,140.0,140.0,140.0,140.0,1,1.0500000000000114,0.7556675062972307
2026-05-15 07:23,140.0,140.0,140.0,140.0,1,1.0500000000000114,0.7556675062972307
2026-05-15 07:24,140.0,140.0,140.0,140.0,2,1.0500000000000114,0.7556675062972307
2026-05-15 07:25,140.0,140.0,140.0,140.0,1,1.0500000000000114,0.7556675062972307
2026-05-15 07:26,140.0,140.0,139.99,139.99,2,1.0400000000000205,0.7484706729039337
2026-05-15 07:27,139.99,139.99,139.99,139.99,1,1.0400000000000205,0.7484706729039337
2026-05-15 07:28,139.99,139.99,139.99,139.99,1,1.0400000000000205,0.7484706729039337
2026-05-15 07:29,140.0,140.0,140.0,140.0,6,1.0500000000000114,0.7556675062972307
2026-05-15 07:30,139.99,140.0,139.99,140.0,7,1.0500000000000114,0.7556675062972307
2026-05-15 07:31,140.0,140.0,140.0,140.0,1,1.0500000000000114,0.7556675062972307
2026-05-15 07:32,140.0,140.0,140.0,140.0,2,1.0500000000000114,0.7556675062972307
2026-05-15 07:33,140.0,140.0,140.0,140.0,1,1.0500000000000114,0.7556675062972307
2026-05-15 07:34,140.0,140.0,140.0,140.0,11,1.0500000000000114,0.7556675062972307
2026-05-15 07:35,140.0,140.0,140.0,140.0,2,1.0500000000000114,0.7556675062972307
2026-05-15 07:36,140.0,140.0,140.0,140.0,2,1.0500000000000114,0.7556675062972307
2026-05-15 07:37,140.0,140.0,140.0,140.0,1,1.0500000000000114,0.7556675062972307
2026-05-15 07:38,140.0,140.0,139.99,139.99,2,1.0400000000000205,0.7484706729039337
2026-05-15 07:39,139.99,139.99,139.99,139.99,1,1.0400000000000205,0.7484706729039337
2026-05-15 07:40,139.99,139.99,139.99,139.99,1,1.0400000000000205,0.7484706729039337
2026-05-15 07:41,140.0,140.0,140.0,140.0,4,1.0500000000000114,0.7556675062972307
2026-05-15 07:42,139.99,140.0,139.99,140.0,5,1.0500000000000114,0.7556675062972307
2026-05-15 07:43,139.99,139.99,139.99,139.99,1,1.0400000000000205,0.7484706729039337
2026-05-15 07:44,139.99,140.0,139.99,140.0,2,1.0500000000000114,0.7556675062972307
2026-05-15 07:45,139.99,139.99,139.99,139.99,1,1.0400000000000205,0.7484706729039337
2026-05-15 07:46,139.99,139.99,139.99,139.99,1,1.0400000000000205,0.7484706729039337
2026-05-15 07:47,139.99,139.99,139.99,139.99,1,1.0400000000000205,0.7484706729039337
2026-05-15 07:48,140.0,140.0,140.0,140.0,1,1.0500000000000114,0.7556675062972307
2026-05-15 07:49,139.99,139.99,139.99,139.99,2,1.0400000000000205,0.7484706729039337
2026-05-15 07:50,139.99,139.99,139.99,139.99,1,1.0400000000000205,0.7484706729039337
2026-05-15 07:51,139.99,139.99,139.99,139.99,1,1.0400000000000205,0.7484706729039337
2026-05-15 07:52,139.99,139.99,139.99,139.99,1,1.0400000000000205,0.7484706729039337
2026-05-15 07:53,139.99,139.99,139.99,139.99,1,1.0400000000000205,0.7484706729039337
2026-05-15 07:54,140.0,140.0,140.0,140.0,2,1.0500000000000114,0.7556675062972307
2026-05-15 07:55,140.0,140.0,140.0,140.0,1,1.0500000000000114,0.7556675062972307
2026-05-15 07:56,140.0,140.0,140.0,140.0,1,1.0500000000000114,0.7556675062972307
2026-05-15 07:57,140.0,140.0,140.0,140.0,1,1.0500000000000114,0.7556675062972307
2026-05-15 07:58,140.0,140.0,139.99,139.99,2,1.0400000000000205,0.7484706729039337
2026-05-15 07:59,140.0,140.0,140.0,140.0,1,1.0500000000000114,0.7556675062972307
2026-05-15 08:00,140.0,140.0,140.0,140.0,2,1.0500000000000114,0.7556675062972307
2026-05-15 08:01,140.0,140.0,140.0,140.0,1,1.0500000000000114,0.7556675062972307
2026-05-15 08:02,140.0,140.0,140.0,140.0,1,1.0500000000000114,0.7556675062972307
2026-05-15 08:03,140.0,140.0,140.0,140.0,1,1.0500000000000114,0.7556675062972307
2026-05-15 08:04,140.0,140.0,140.0,140.0,1,1.0500000000000114,0.7556675062972307
2026-05-15 08:05,140.0,140.0,140.0,140.0,2,1.0500000000000114,0.7556675062972307
2026-05-15 08:06,140.0,140.0,140.0,140.0,1,1.0500000000000114,0.7556675062972307
2026-05-15 08:07,140.0,140.0,140.0,140.0,1,1.0500000000000114,0.7556675062972307
2026-05-15 08:08,140.0,140.0,140.0,140.0,1,1.0500000000000114,0.7556675062972307
2026-05-15 08:09,140.0,140.0,140.0,140.0,1,1.0500000000000114,0.7556675062972307
2026-05-15 08:10,140.0,140.0,140.0,140.0,2,1.0500000000000114,0.7556675062972307
2026-05-15 08:11,140.0,140.0,140.0,140.0,1,1.0500000000000114,0.7556675062972307
2026-05-15 08:12,140.0,140.0,140.0,140.0,1,1.0500000000000114,0.7556675062972307
2026-05-15 08:13,140.0,140.0,140.0,140.0,1,1.0500000000000114,0.7556675062972307
2026-05-15 08:14,140.0,140.0,140.0,140.0,1,1.0500000000000114,0.7556675062972307
2026-05-15 08:15,139.99,139.99,139.99,139.99,2,1.0400000000000205,0.7484706729039337
2026-05-15 08:16,140.0,140.0,140.0,140.0,1,1.0500000000000114,0.7556675062972307
2026-05-15 08:17,140.0,140.0,140.0,140.0,19,1.0500000000000114,0.7556675062972307
2026-05-15 08:18,139.99,140.0,139.99,139.99,47,1.0400000000000205,0.7484706729039337
2026-05-15 08:19,139.99,139.99,139.99,139.99,1,1.0400000000000205,0.7484706729039337
2026-05-15 08:20,139.99,139.99,139.99,139.99,1,1.0400000000000205,0.7484706729039337
2026-05-15 08:21,139.99,139.99,139.99,139.99,1,1.0400000000000205,0.7484706729039337
2026-05-15 08:22,140.0,140.0,140.0,140.0,1,1.0500000000000114,0.7556675062972307
2026-05-15 08:23,140.0,140.0,140.0,140.0,2,1.0500000000000114,0.7556675062972307
2026-05-15 08:24,139.99,139.99,139.99,139.99,1,1.0400000000000205,0.7484706729039337
2026-05-15 08:25,139.99,139.99,139.99,139.99,1,1.0400000000000205,0.7484706729039337
2026-05-15 08:26,140.0,140.0,140.0,140.0,1,1.0500000000000114,0.7556675062972307
2026-05-15 08:27,139.99,139.99,139.99,139.99,1,1.0400000000000205,0.7484706729039337
2026-05-15 08:28,139.99,140.0,139.99,140.0,3,1.0500000000000114,0.7556675062972307
2026-05-15 08:29,140.0,140.0,140.0,140.0,1,1.0500000000000114,0.7556675062972307
2026-05-15 08:30,140.0,140.0,140.0,140.0,2,1.0500000000000114,0.7556675062972307
2026-05-15 08:31,140.0,140.0,140.0,140.0,1,1.0500000000000114,0.7556675062972307
2026-05-15 08:32,139.99,139.99,139.99,139.99,1,1.0400000000000205,0.7484706729039337
2026-05-15 08:33,139.99,139.99,139.99,139.99,0,1.0400000000000205,0.7484706729039337
