timestamp,exchange,funding_rate
2026-09-07 00:00:00.002000+08:00,binance,0.0000000000
2026-09-07 00:00:00.038000+08:00,hyperliquid,-0.0000476025
2026-09-07 01:00:00.013000+08:00,hyperliquid,-0.0000012653
2026-09-07 02:00:00.120000+08:00,hyperliquid,0.0000062500
2026-09-07 03:00:00.100000+08:00,hyperliquid,0.0000062500
2026-09-07 04:00:00.069000+08:00,hyperliquid,0.0000062500
2026-09-07 05:00:00.040000+08:00,hyperliquid,0.0000084997
2026-09-07 06:00:00.015000+08:00,hyperliquid,0.0000062500
2026-09-07 07:00:00.002000+08:00,hyperliquid,-0.0001159326
2026-09-07 08:00:00.001000+08:00,binance,0.0000000000
2026-09-07 08:00:00.041000+08:00,hyperliquid,-0.0002594468
2026-09-07 09:00:00.051000+08:00,hyperliquid,-0.0001348017
2026-09-07 10:00:00.029000+08:00,hyperliquid,0.0000681209
2026-09-07 11:00:00.059000+08:00,hyperliquid,0.0003916366
2026-09-07 12:00:00.054000+08:00,hyperliquid,0.0003043403
2026-09-07 13:00:00.057000+08:00,hyperliquid,0.0003275918
2026-09-07 14:00:00.053000+08:00,hyperliquid,0.0001369982
2026-09-07 15:00:00.019000+08:00,hyperliquid,0.0000615103
2026-09-07 16:00:00.001000+08:00,binance,-0.0001721900
2026-09-07 16:00:00.025000+08:00,hyperliquid,0.0004697532
2026-09-07 17:00:00.038000+08:00,hyperliquid,0.0001919925
2026-09-07 18:00:00.012000+08:00,hyperliquid,0.0001168620
2026-09-07 19:00:00.029000+08:00,hyperliquid,0.0000708290
2026-09-07 20:00:00.039000+08:00,hyperliquid,0.0001161723
2026-09-07 21:00:00.056000+08:00,hyperliquid,0.0001328268
2026-09-07 22:00:00.026000+08:00,hyperliquid,0.0000710333
2026-09-07 23:00:00.045000+08:00,hyperliquid,0.0000062500
2026-09-08 00:00:00.001000+08:00,binance,0.0000000000
2026-09-08 00:00:00.043000+08:00,hyperliquid,-0.0000198256
2026-09-08 01:00:00.049000+08:00,hyperliquid,0.0000211784
2026-09-08 02:00:00.043000+08:00,hyperliquid,0.0001424748
2026-09-08 03:00:00.028000+08:00,hyperliquid,0.0001700662
2026-09-08 04:00:00.060000+08:00,hyperliquid,0.0001253656
2026-09-08 05:00:00.039000+08:00,hyperliquid,0.0000544932
2026-09-08 06:00:00.004000+08:00,hyperliquid,0.0000692387
2026-09-08 07:00:00.016000+08:00,hyperliquid,-0.0000446900
2026-09-08 08:00:00.001000+08:00,binance,0.0000000000
2026-09-08 08:00:00.043000+08:00,hyperliquid,-0.0001827570
2026-09-08 09:00:00.050000+08:00,hyperliquid,-0.0001004855
2026-09-08 10:00:00.031000+08:00,hyperliquid,0.0000691279
2026-09-08 11:00:00.017000+08:00,hyperliquid,0.0001926998
2026-09-08 12:00:00.012000+08:00,hyperliquid,0.0003845317
2026-09-08 13:00:00.011000+08:00,hyperliquid,0.0003656212
2026-09-08 14:00:00.009000+08:00,hyperliquid,0.0000541396
2026-09-08 15:00:00.043000+08:00,hyperliquid,0.0000062500
2026-09-08 16:00:00.001000+08:00,binance,-0.0004532900
2026-09-08 16:00:00.047000+08:00,hyperliquid,-0.0001452236
2026-09-08 17:00:00.016000+08:00,hyperliquid,-0.0002559388
2026-09-08 18:00:00.042000+08:00,hyperliquid,0.0002344695
2026-09-08 19:00:00.085000+08:00,hyperliquid,0.0001991466
2026-09-08 20:00:00.040000+08:00,hyperliquid,0.0001258686
2026-09-08 21:00:00.038000+08:00,hyperliquid,0.0003218710
2026-09-08 22:00:00.053000+08:00,hyperliquid,0.0002866462
2026-09-08 23:00:00.048000+08:00,hyperliquid,0.0001786404
2026-09-09 00:00:00.002000+08:00,binance,0.0003567100
2026-09-09 00:00:00.040000+08:00,hyperliquid,0.0005367677
2026-09-09 01:00:00.031000+08:00,hyperliquid,0.0003541898
2026-09-09 02:00:00.039000+08:00,hyperliquid,0.0002016262
2026-09-09 03:00:00.054000+08:00,hyperliquid,0.0001827763
2026-09-09 04:00:00.014000+08:00,hyperliquid,0.0001463655
2026-09-09 05:00:00.003000+08:00,hyperliquid,0.0000765852
2026-09-09 06:00:00.061000+08:00,hyperliquid,0.0000167052
2026-09-09 07:00:00.052000+08:00,hyperliquid,0.0000062500
2026-09-09 08:00:00.001000+08:00,binance,0.0000000000
2026-09-09 08:00:00.076000+08:00,hyperliquid,-0.0000079819
2026-09-09 09:00:00.108000+08:00,hyperliquid,0.0002530774
2026-09-09 10:00:00.131000+08:00,hyperliquid,0.0003261245
2026-09-09 11:00:00.011000+08:00,hyperliquid,0.0001326811
2026-09-09 12:00:00.015000+08:00,hyperliquid,0.0000367487
2026-09-09 13:00:00.032000+08:00,hyperliquid,0.0001108748
2026-09-09 14:00:00.010000+08:00,hyperliquid,0.0000062500
2026-09-09 15:00:00.046000+08:00,hyperliquid,0.0000503120
2026-09-09 16:00:00.002000+08:00,binance,0.0000000000
2026-09-09 16:00:00.029000+08:00,hyperliquid,0.0001238982
2026-09-09 17:00:00.015000+08:00,hyperliquid,-0.0000526671
2026-09-09 18:00:00.067000+08:00,hyperliquid,-0.0001274166
2026-09-09 19:00:00.005000+08:00,hyperliquid,-0.0002465467
2026-09-09 20:00:00.034000+08:00,hyperliquid,-0.0001079986
2026-09-09 21:00:00.049000+08:00,hyperliquid,0.0000546451
2026-09-09 22:00:00.073000+08:00,hyperliquid,0.0001562767
2026-09-09 23:00:00.054000+08:00,hyperliquid,0.0005743953
2026-09-10 00:00:00.001000+08:00,binance,0.0003117300
2026-09-10 00:00:00.030000+08:00,hyperliquid,0.0002225739
2026-09-10 01:00:00.075000+08:00,hyperliquid,0.0000521667
2026-09-10 02:00:00.032000+08:00,hyperliquid,-0.0000232960
2026-09-10 03:00:00.057000+08:00,hyperliquid,-0.0000021291
2026-09-10 04:00:00.027000+08:00,hyperliquid,0.0000062500
2026-09-10 05:00:00.023000+08:00,hyperliquid,-0.0000075349
2026-09-10 06:00:00.015000+08:00,hyperliquid,-0.0000309264
2026-09-10 07:00:00.058000+08:00,hyperliquid,-0.0002440725
2026-09-10 08:00:00.001000+08:00,binance,0.0000000000
2026-09-10 08:00:00.013000+08:00,hyperliquid,-0.0003093102
2026-09-10 09:00:00.046000+08:00,hyperliquid,-0.0002945834
2026-09-10 10:00:00.018000+08:00,hyperliquid,-0.0001208881
2026-09-10 11:00:00.048000+08:00,hyperliquid,0.0000894212
2026-09-10 12:00:00.047000+08:00,hyperliquid,0.0000592147
2026-09-10 13:00:00.010000+08:00,hyperliquid,0.0002637542
2026-09-10 14:00:00.021000+08:00,hyperliquid,0.0000855167
2026-09-10 15:00:00.026000+08:00,hyperliquid,0.0000991527
2026-09-10 16:00:00.001000+08:00,binance,0.0000000000
2026-09-10 16:00:00.027000+08:00,hyperliquid,0.0000062500
2026-09-10 17:00:00.040000+08:00,hyperliquid,-0.0001487546
2026-09-10 18:00:00.112000+08:00,hyperliquid,-0.0000787785
2026-09-10 19:00:00.012000+08:00,hyperliquid,-0.0002332222
2026-09-10 20:00:00.001000+08:00,binance,0.0000000000
2026-09-10 20:00:00.126000+08:00,hyperliquid,0.0000008055
2026-09-10 21:00:00.008000+08:00,hyperliquid,-0.0000006477
2026-09-10 22:00:00.007000+08:00,hyperliquid,-0.0000513012
2026-09-10 23:00:00.004000+08:00,hyperliquid,0.0001946979
2026-09-11 00:00:00.001000+08:00,binance,0.0000000000
2026-09-11 00:00:00.091000+08:00,hyperliquid,0.0002630449
2026-09-11 01:00:00.001000+08:00,hyperliquid,0.0000766167
2026-09-11 02:00:00.063000+08:00,hyperliquid,0.0001698833
2026-09-11 03:00:00.045000+08:00,hyperliquid,0.0001770930
2026-09-11 04:00:00.001000+08:00,binance,0.0000000000
2026-09-11 04:00:00.028000+08:00,hyperliquid,0.0003255375
2026-09-11 05:00:00.110000+08:00,hyperliquid,0.0004844952
2026-09-11 06:00:00.028000+08:00,hyperliquid,0.0003764855
2026-09-11 07:00:00.007000+08:00,hyperliquid,0.0001614737
2026-09-11 08:00:00.001000+08:00,binance,-0.0001678600
2026-09-11 08:00:00.040000+08:00,hyperliquid,0.0001797660
2026-09-11 09:00:00.030000+08:00,hyperliquid,0.0001212414
2026-09-11 10:00:00.019000+08:00,hyperliquid,0.0000210886
2026-09-11 11:00:00.118000+08:00,hyperliquid,0.0000269593
2026-09-11 12:00:00.001000+08:00,binance,0.0008049700
2026-09-11 12:00:00.030000+08:00,hyperliquid,0.0000062500
2026-09-11 13:00:00.018000+08:00,hyperliquid,0.0001192917
2026-09-11 14:00:00.042000+08:00,hyperliquid,0.0000419146
2026-09-11 15:00:00.124000+08:00,hyperliquid,0.0000451278
2026-09-11 16:00:00.001000+08:00,binance,0.0002130300
2026-09-11 16:00:00.085000+08:00,hyperliquid,-0.0001082431
2026-09-11 17:00:00.037000+08:00,hyperliquid,-0.0002211238
2026-09-11 18:00:00.021000+08:00,hyperliquid,-0.0001423330
2026-09-11 19:00:00.046000+08:00,hyperliquid,-0.0002280158
2026-09-11 20:00:00.001000+08:00,binance,0.0000000000
2026-09-11 20:00:00.006000+08:00,hyperliquid,-0.0002935812
2026-09-11 21:00:00.057000+08:00,hyperliquid,-0.0002358573
2026-09-11 22:00:00.020000+08:00,hyperliquid,-0.0000714553
2026-09-11 23:00:00.047000+08:00,hyperliquid,-0.0002675880
